dataset,model,eval_metrics/MSE[mean],eval_metrics/MSE[0.5],eval_metrics/MAE[0.5],eval_metrics/MASE[0.5],eval_metrics/MAPE[0.5],eval_metrics/sMAPE[0.5],eval_metrics/MSIS,eval_metrics/RMSE[mean],eval_metrics/NRMSE[mean],eval_metrics/ND[0.5],eval_metrics/mean_weighted_sum_quantile_loss,domain,num_variates
bitbrains_fast_storage/5T/long,moiraic_base_11,4525709.193859007,4525709.193859007,355.60605087263065,0.9630144861556544,4.442059917263221,0.8214040274918483,22.339332316793183,2127.371428279276,5.622007452831834,0.9397606086564274,0.7730403495135114,Web/CloudOps,2
bitbrains_fast_storage/5T/medium,moiraic_base_11,3438709.992855153,3438709.992855153,295.6832161073955,1.04482353598095,4.702778171236336,0.8060486535789023,26.124443428021827,1854.3759038703972,5.634105989933486,0.8983672487959081,0.6888647594243151,Web/CloudOps,2
bitbrains_fast_storage/5T/short,moiraic_base_11,1774861.0055694878,1774861.0055694878,163.6009428989838,0.7322693866599278,1.9283675299210892,0.748536820211385,15.259756214693668,1332.2390947459423,4.182901275465631,0.513666499818518,0.3988748422550243,Web/CloudOps,2
bitbrains_fast_storage/H/short,moiraic_base_11,2362484.158171178,2362484.158171178,270.50819666863737,1.0206189536032662,2.5595539424664984,0.589660715916786,21.432511180661383,1537.0374615379997,4.381055992083214,0.771036221028019,0.5885442507773283,Web/CloudOps,2
bitbrains_rnd/5T/long,moiraic_base_11,3044137.046185757,3044137.046185757,212.49095588277197,3.4739916016354715,2.755481010672028,0.7051070790233037,123.35432347103324,1744.745553421976,6.68372729317568,0.8140049983799452,0.7329370014310261,Web/CloudOps,2
bitbrains_rnd/5T/medium,moiraic_base_11,2549615.3676346717,2549615.3676346717,174.29978576731304,4.5163215133394266,1.3631366464659522,0.7166499049487033,166.2884446861287,1596.7515046602184,6.718347608371851,0.7333680572286284,0.678571352104623,Web/CloudOps,2
bitbrains_rnd/5T/short,moiraic_base_11,1945931.3124764191,1945931.3124764191,132.4869537233963,1.742816245705813,1.2766311340873373,0.6704914535757965,56.9205920391302,1394.9664198382766,5.70779990219838,0.5420983693590508,0.4617357550761845,Web/CloudOps,2
bitbrains_rnd/H/short,moiraic_base_11,1752150.406206044,1752150.406206044,147.98609061314522,5.94358339157193,1.2875599228038233,0.5732977749934399,204.4278151628908,1323.6881831481476,5.793107271882293,0.6476595534981022,0.560259892597983,Web/CloudOps,2
bizitobs_application/10S/long,moiraic_base_11,20420931.12888889,20420931.12888889,2282.6286111111112,7.113910051929596,0.1078323109944661,0.0982161712646484,203.75827191060583,4518.95243711293,0.174277932730334,0.0880318616032418,0.0861306755047564,Web/CloudOps,2
bizitobs_application/10S/medium,moiraic_base_11,21420320.426666666,21420320.426666666,2032.5541666666663,6.706663780161481,0.1033838399251302,0.0917816225687662,166.27936081680824,4628.209202992737,0.1817361537679386,0.0798124199606491,0.0769112974057899,Web/CloudOps,2
bizitobs_application/10S/short,moiraic_base_11,7516644.693333333,7516644.693333333,1118.8738888888888,2.899637499545796,0.0447565884060329,0.0437555228339301,36.24182755308709,2741.6499946808185,0.1057344816066192,0.0431504936276964,0.036881728258906,Web/CloudOps,2
bizitobs_l2c/5T/long,moiraic_base_11,396.8896031746032,396.8896031746032,14.298741319444444,1.413663720957523,0.9438683688295676,1.2202078683035715,40.62338247016954,19.922088323632217,1.118595475796403,0.8028529484301327,0.7489797922296495,Web/CloudOps,7
bizitobs_l2c/5T/medium,moiraic_base_11,194.71779336734693,194.71779336734693,9.414099702380952,0.9223782171849454,0.6230898962538969,0.9127956260629252,19.19703248137971,13.954131766876325,0.7341925353321055,0.4953200846767919,0.4391891933770683,Web/CloudOps,7
bizitobs_l2c/5T/short,moiraic_base_11,25.38096952892485,25.38096952892485,3.042480414254325,0.3217344226492499,0.1612065417668429,0.22232392174857,3.282734204624972,5.037952910550559,0.1730236950427427,0.1044910924568228,0.0838464916130328,Web/CloudOps,7
bizitobs_l2c/H/long,moiraic_base_11,115.16054067460315,115.16054067460315,7.134642392113095,0.7936203229295777,0.7068314177879615,0.9262280660962302,11.944647852121118,10.731287931772364,0.6554980392769424,0.4358045491562803,0.3723873112568555,Web/CloudOps,7
bizitobs_l2c/H/medium,moiraic_base_11,126.11988467261904,126.11988467261904,7.457927594866072,0.7825133206587844,0.7532446356960171,0.9086421421595984,9.253906198124772,11.230310978446637,0.6800123876077658,0.4515888438106458,0.3744647492267688,Web/CloudOps,7
bizitobs_l2c/H/short,moiraic_base_11,102.91252790178572,102.91252790178572,6.351299467540922,0.6202263764245018,0.5965713025282898,0.7248051355755518,4.591720866142757,10.144581208792491,0.546818907875409,0.3423513072595124,0.2727841336883658,Web/CloudOps,7
bizitobs_service/10S/long,moiraic_base_11,209436.22772486773,209436.22772486773,126.40791005291004,3.5304105787966726,0.5063324136078042,0.1536104135664682,97.75217363460057,457.6420301118197,0.3390358463547968,0.093647020926504,0.0911531410125475,Web/CloudOps,2
bizitobs_service/10S/medium,moiraic_base_11,112076.81015873016,112076.81015873016,97.4359126984127,3.596252921796681,0.6465059213789682,0.1490698145306299,90.16497693197034,334.7787480691243,0.2519623748947576,0.0733325639848001,0.0696358616083077,Web/CloudOps,2
bizitobs_service/10S/short,moiraic_base_11,39479.53671957672,39479.53671957672,51.45098710317461,1.847933818548497,0.1227737895016947,0.0868449595617869,24.517936187284583,198.6945815053262,0.1471993024126326,0.0381165372132991,0.0323778846836363,Web/CloudOps,2
car_parts/M/short,moiraic_base_11,2.044964560636316,2.044964560636316,0.4933850680022216,0.8761997175498677,0.8205449420679054,1.889373215733256,14.289245404945024,1.430022573470893,3.429047438838933,1.1830867814121446,1.0071337334327757,Sales,1
covid_deaths/D/short,moiraic_base_11,399174.1746867168,399174.1746867168,119.06293174342105,36.61309538057312,0.0958617125241147,0.373483593780594,864.9391537871439,631.8023224765138,0.2377186873271086,0.0447980053831083,0.0381731033465303,Healthcare,1
electricity/15T/long,moiraic_base_11,431260.0934316817,431260.0934316817,69.02239912959836,1.0124605608945851,0.1753890244648327,0.1575440809461805,12.348903114545726,656.7039617907614,1.0360310285817749,0.1088912985547113,0.0908617283103519,Energy,1
electricity/15T/medium,moiraic_base_11,307467.96584234235,307467.96584234235,62.65746642736487,0.9709613183140184,0.1675372807938768,0.1557913625906179,11.244612986434158,554.4979403409379,0.9554557646760908,0.1079651214956993,0.0901185041835427,Energy,1
electricity/15T/short,moiraic_base_11,143475.02591189824,143475.02591189824,57.53631240982193,1.0808640867372028,0.1823057265540113,0.180458013861029,10.848911229986903,378.7809735347041,0.7466519817446098,0.1134154159914121,0.0929007014996303,Energy,1
electricity/D/short,moiraic_base_11,2058775419.8394237,2058775419.8394237,4803.709522522522,1.4921465262086762,0.4602450302570341,0.1008927991712415,12.138541869644971,45373.73050388764,0.7456410805319226,0.0789409008066525,0.0614893309656873,Energy,1
electricity/H/long,moiraic_base_11,9815086.748348348,9815086.748348348,284.8292653903904,1.2167657640109302,0.2925550155651759,0.147661023938978,17.63781420951137,3132.9038843137764,1.235616385099201,0.1123365798211275,0.0952970078303922,Energy,1
electricity/H/medium,moiraic_base_11,6327142.482015766,6327142.482015766,252.45482034769145,1.098700475205631,0.2460371701898441,0.1350023340964102,13.769083748051578,2515.3811802619034,0.981836163439856,0.0985414354679504,0.0819835153539419,Energy,1
electricity/H/short,moiraic_base_11,1815597.9559938065,1815597.9559938065,179.83313560142173,0.963058612651428,0.1859045280313117,0.1306466590606414,10.787466932789954,1347.4412625394125,0.6360885011861815,0.0848940824869342,0.0702273652238749,Energy,1
electricity/W/short,moiraic_base_11,51585259671.29369,51585259671.29369,30977.33136261261,1.6244156289781742,0.2498406156708922,0.1030792579994545,12.651102762768096,227123.88617513064,0.5182217603193815,0.0706800480525049,0.0544068813325088,Energy,1
ett1/15T/long,moiraic_base_11,10.747771577380952,10.747771577380952,1.846201171875,1.161307052487769,0.7791548726117815,0.4328414093501984,15.400624917958671,3.278379413274332,0.624862357643568,0.3518877687771755,0.2941207911709668,Energy,7
ett1/15T/medium,moiraic_base_11,11.006705109126983,11.006705109126983,1.7595259796626983,1.0994685356492848,0.7787622983309808,0.4189761982266865,13.223658081192225,3.317635469596831,0.6323446007927727,0.3353673914420534,0.2784988271553757,Energy,7
ett1/15T/short,moiraic_base_11,6.470837202526274,6.470837202526274,1.2220174971080962,0.7738997201099688,0.5803874630953599,0.2544399812107994,5.696696469444375,2.5437840322099428,0.4808810674965598,0.2310121736232033,0.184477669076315,Energy,7
ett1/D/short,moiraic_base_11,54264.19047619047,54264.19047619047,154.1053199404762,1.8541369227515867,1.1829171316964286,0.5041930183531746,11.62227766688672,232.94675459467229,0.6118423778656986,0.4047627345493469,0.3100598804094086,Energy,7
ett1/H/long,moiraic_base_11,182.0389880952381,182.0389880952381,7.663230613425926,1.4563969858574224,3542877018751.7715,0.4854922340029762,23.45348841888709,13.492182480801173,0.6461113969671077,0.3669755166717638,0.3125281592282107,Energy,7
ett1/H/medium,moiraic_base_11,153.82520461309525,153.82520461309525,7.023153250558035,1.2387887057659763,2975985683747.6025,0.4379962012881324,15.420493515345532,12.402628939587576,0.5940565258780424,0.3363923923756703,0.2791834144939591,Energy,7
ett1/H/short,moiraic_base_11,111.27720511300224,111.27720511300224,5.353623526436942,0.8888888617087363,0.5428355761936733,0.2784650325775146,6.435267885800362,10.548801122070802,0.4923557119789969,0.2498755159495249,0.1977894571932251,Energy,7
ett1/W/short,moiraic_base_11,1105320.857142857,1105320.857142857,870.4866071428571,1.5539448446234498,0.747863633292062,0.5319343294416156,8.886303272977209,1051.3424071837192,0.418354236995023,0.3463873975379349,0.2530371309406207,Energy,7
ett2/15T/long,moiraic_base_11,19.83463913690476,19.83463913690476,2.6776959325396827,1.0757610848065102,0.1562941646597069,0.1878300354972718,18.715802549013144,4.453609674960836,0.237340921196812,0.142699263226186,0.1246336152117413,Energy,7
ett2/15T/medium,moiraic_base_11,15.45923363095238,15.45923363095238,2.4703582279265874,1.0117516357281753,0.1500588094561811,0.1861060926649305,13.220223239111212,3.9318231942640014,0.2095339751384514,0.131649861638891,0.1101739840318722,Energy,7
ett2/15T/short,moiraic_base_11,10.090377371651783,10.090377371651783,2.067509569440569,0.8839925187360013,0.1262191115587554,0.145281628199986,6.3513335289503,3.176535435289804,0.1508014416593711,0.0981520370440126,0.0785778522182625,Energy,7
ett2/D/short,moiraic_base_11,104771.2761904762,104771.2761904762,195.0768601190476,1.2730389390161254,0.4083777533637153,0.1341817462255084,10.60539554133665,323.68391401253814,0.1852528441013808,0.1116476339754744,0.090377286809418,Energy,7
ett2/H/long,moiraic_base_11,296.1682208994709,296.1682208994709,10.957083953373017,1.2026727873116465,0.2121406467985614,0.2062266516307043,16.900938236614262,17.20953866027416,0.2356713865132846,0.1500488315468151,0.126930498393707,Energy,7
ett2/H/medium,moiraic_base_11,356.9747023809524,356.9747023809524,12.290283203125,1.2707315795069791,0.2053097037435213,0.2003791445777529,15.733020257123012,18.89377416984104,0.254605757070114,0.1656194697474821,0.1391505500315776,Energy,7
ett2/H/short,moiraic_base_11,154.9211123511905,154.9211123511905,7.616011410667783,0.8424119058213358,0.1315085291240588,0.1219663199924287,6.099404106596948,12.44673099055292,0.1578591714758496,0.0965922098060243,0.0771199335302759,Energy,7
ett2/W/short,moiraic_base_11,3157136.0,3157136.0,1295.7328404017858,0.9407801941422528,0.1692718437739781,0.1774756397519792,8.914144123424697,1776.8331379170077,0.1490490597589925,0.1086921205145575,0.0921407806364831,Energy,7
hierarchical_sales/D/short,moiraic_base_11,29.048113405591156,29.048113405591156,2.3055269037115025,0.7452404890708885,0.6169763939756604,1.0604754192073171,7.136084145229283,5.389630173359871,1.6534788506331757,0.7073101218884355,0.5742607648965662,Sales,1
hierarchical_sales/W/short,moiraic_base_11,481.6561631024894,481.6561631024894,9.22946580789857,0.73693030277994,0.5470802570640765,0.471274868916657,6.734053475561372,21.946666332326863,1.0075821862300902,0.4237292897081352,0.3536123450145815,Sales,1
hospital/M/short,moiraic_base_11,3571.737586918731,3571.737586918731,19.377839500828443,0.7910497954975053,0.1965053745685894,0.1794162519803932,5.258643443511742,59.764015819878864,0.2169572554774599,0.0703460571969136,0.0556622226438097,Healthcare,1
jena_weather/10T/long,moiraic_base_11,1820.395238095238,1820.395238095238,12.717975983796295,0.8003064376098817,1.1282073148648786,0.7097561306423611,17.489952132627614,42.66609002586525,0.2610811175834201,0.0778234748306139,0.0684675536487504,Nature,21
jena_weather/10T/medium,moiraic_base_11,2067.766136814574,2067.766136814574,12.718446180555556,0.6928746222340814,1.1629174035883916,0.6935002050358495,11.663621052237485,45.472696608124906,0.2790651617134231,0.078052886784067,0.0672388994421875,Nature,21
jena_weather/10T/short,moiraic_base_11,1116.052135358538,1116.052135358538,7.290850503104074,0.3369242257126909,0.4365250689837824,0.57162468584757,2.8501299442696584,33.40736648343503,0.2075016160291775,0.0452853194031737,0.0368494004749549,Nature,21
jena_weather/D/short,moiraic_base_11,363.4156746031746,363.4156746031746,9.502538287450395,1.0881293529577216,0.6301783837642766,0.4485721164279513,6.715359848066163,19.0634643914262,0.1147932134241981,0.057220811669127,0.04424345208671,Nature,21
jena_weather/H/long,moiraic_base_11,1301.037037037037,1301.037037037037,11.973247354497357,0.991190480838724,2.342062065622482,0.6882904214203043,17.79895867233328,36.069891003952826,0.2171807066020101,0.0720922145421902,0.0611238464060048,Nature,21
jena_weather/H/medium,moiraic_base_11,1420.0577380952382,1420.0577380952382,10.725841703869047,0.7627334940837991,1.9147381871490672,0.667681642562624,12.04477452886819,37.68365346002479,0.2305929588344483,0.065633327647193,0.0561055098066114,Nature,21
jena_weather/H/short,moiraic_base_11,1109.7487395245928,1109.7487395245928,8.83833949089847,0.5930857720852672,1.5124698392251017,0.6221869706908364,6.198616198438358,33.3128914915021,0.2042059047752212,0.0541784585979242,0.0446862862478479,Nature,21
kdd_cup_2018/D/short,moiraic_base_11,2901.344902212581,2901.344902212581,21.05581617352176,1.1911493567011224,0.5343689780593893,0.4630376588902707,9.112304515975374,53.8641337274868,1.206613823201984,0.4716726529439476,0.3737457813212012,Nature,1
kdd_cup_2018/H/long,moiraic_base_11,3960.492357087198,3960.492357087198,23.69371513049197,1.010615972587677,1.0467120440552755,0.598603201968786,13.930047386186438,62.93244280247826,1.476649379782458,0.5559502888199569,0.4717927232948338,Nature,1
kdd_cup_2018/H/medium,moiraic_base_11,4879.533345692935,4879.533345692935,24.59341863560969,1.0369194047930737,1.0366426366098036,0.5500731518773339,11.62799382390087,69.85365663795228,1.4621634981330858,0.5147847765460747,0.4282010994732721,Nature,1
kdd_cup_2018/H/short,moiraic_base_11,4515.13419414484,4515.13419414484,21.50070086688161,0.8993626989499142,0.8046152479525948,0.4930101522296442,7.754620387433538,67.19474826312575,1.4065077754964614,0.4500486084042329,0.3647458550012596,Nature,1
loop_seattle/5T/long,moiraic_base_11,113.97808619281044,113.97808619281044,6.383780359548791,1.009957421311916,0.2242162631025774,0.1410784281531737,12.759376310537826,10.676051994665931,0.1887547931630225,0.112866548604937,0.0941490783657258,Transport,1
loop_seattle/5T/medium,moiraic_base_11,104.66225169714268,104.66225169714268,5.95193011682469,0.9406638892935328,0.2194250535128409,0.1332436592881524,10.94500049164392,10.230457061986169,0.1820208522850634,0.1058970665769294,0.0875521639614357,Transport,1
loop_seattle/5T/short,moiraic_base_11,42.89654041522551,42.89654041522551,3.532914400051499,0.560324024882726,0.0984330435655434,0.0752753970792788,4.371187788417096,6.549545054064863,0.1123102367899651,0.0605816815600352,0.0482119155966431,Transport,1
loop_seattle/D/short,moiraic_base_11,19.07443998197038,19.07443998197038,3.035952625727383,0.9167920017792328,0.0563399853475076,0.055935917254941,8.637400349782432,4.367429447852635,0.0780517975194701,0.0542565283426583,0.0449413260247024,Transport,1
loop_seattle/H/long,moiraic_base_11,65.86315732364766,65.86315732364766,4.824115185496485,1.010238054348464,0.1489670003858841,0.110035779183371,13.178502170445624,8.115611950040961,0.1450368292123439,0.0862133841005048,0.072032607787282,Transport,1
loop_seattle/H/medium,moiraic_base_11,74.33488913143383,74.33488913143383,5.201464919335333,1.0658634407165046,0.1356540985028687,0.1161341398493055,12.837547696087322,8.62176832972412,0.1523887902905341,0.0919353103079174,0.0766622050347106,Transport,1
loop_seattle/H/short,moiraic_base_11,63.29556972086575,63.29556972086575,4.534510065022482,0.92255336455352,0.1299876309989956,0.103343692299052,8.761864535570965,7.955851288257326,0.1408266582142145,0.080265439355103,0.0658913719631638,Transport,1
m4_daily/D/short,moiraic_base_11,353122.59097553144,353122.59097553144,177.93978192975536,3.304621538829879,0.0381923617151188,0.0305614900385935,26.86120449364921,594.2411892283566,0.0917938402598436,0.0274867784569786,0.0217084980219831,Econ/Fin,1
m4_hourly/H/short,moiraic_base_11,501307.8203502416,501307.8203502416,188.6248097197061,1.116596075823044,0.097333017370743,0.0908375938157528,8.762084423727137,708.0309458987238,0.0966618650862182,0.0257514533999589,0.0220293805491476,Econ/Fin,1
m4_monthly/M/short,moiraic_base_11,1952660.6090023147,1952660.6090023147,582.9311665219907,1.0121647393735596,0.1649087597308335,0.1368973386066931,8.17907056036492,1397.376330485927,0.290422771913199,0.1211531078081447,0.0965011796984726,Econ/Fin,1
m4_quarterly/Q/short,moiraic_base_11,1911297.6243489585,1911297.6243489585,592.6870504557291,1.2813542153900166,0.1179143327474594,0.1084913042783737,9.915256734260131,1382.4968804120167,0.2314056323480876,0.0992053751718822,0.0791783404803747,Econ/Fin,1
m4_weekly/W/short,moiraic_base_11,359307.12149132206,359307.12149132206,293.3821847546604,2.322131865385268,0.0708473014300248,0.0700411538074428,15.240576513093403,599.4223231506498,0.1092054471694791,0.0534496822028419,0.0420323377409673,Econ/Fin,1
m4_yearly/A/short,moiraic_base_11,4083377.828617858,4083377.828617858,981.0202628288138,3.647282060559485,0.1728068376624547,0.1645191945692316,32.45466547636027,2020.7369518613395,0.3240345359105086,0.1573111459617395,0.1269423276008175,Econ/Fin,1
m_dense/D/short,moiraic_base_11,9687.52,9687.52,52.09891203703704,0.7640830345147839,0.13282292891291,0.1103655553747106,7.06433333280941,98.4252000251968,0.1703885802378446,0.0901909231747008,0.0728737799287368,Transport,1
m_dense/H/long,moiraic_base_11,44693.862716049385,44693.862716049385,97.182862654321,0.8087143502056554,0.3346382688415276,0.2253197036554784,10.351352204201191,211.4092304419308,0.3659806298620305,0.1682379014940553,0.1396527989943984,Transport,1
m_dense/H/medium,moiraic_base_11,46507.102222222224,46507.102222222224,95.29796875,0.7908784661477919,0.3314028911312801,0.2206567891438802,10.224006085268062,215.65505378317064,0.3752125484615418,0.1658064260058916,0.1377882823191387,Transport,1
m_dense/H/short,moiraic_base_11,43916.28611111111,43916.28611111111,91.08287326388889,0.7925556976498973,0.304430284972936,0.2176502058241102,8.911222253184372,209.5621294774204,0.3717110267737518,0.1615583332105411,0.1332466875007581,Transport,1
restaurant/D/short,moiraic_base_11,142.8813145021948,142.8813145021948,7.150905721359274,0.6889575915741852,0.5962631241262287,0.4009335112524954,5.16063576332175,11.953297223034104,0.5501184337154248,0.3291012497790385,0.2605820814712621,Sales,1
saugeen/D/short,moiraic_base_11,975.1053125,975.1053125,12.10415283203125,2.688262070571657,0.279942881266276,0.3243786875406901,27.0670354625922,31.226676296077365,1.0114394854670383,0.3920563942305309,0.3248322974597328,Nature,1
saugeen/M/short,moiraic_base_11,404.0600818452381,404.0600818452381,12.687915620349704,0.7434766405276985,0.3813158671061198,0.3717967896234421,5.167477192989598,20.10124577843965,0.603499701441295,0.3809292903132579,0.300915698253104,Nature,1
saugeen/W/short,moiraic_base_11,1205.6416015625,1205.6416015625,16.482366943359374,1.3373385600427388,0.3991309165954589,0.4285451412200928,11.759288417319766,34.72235017337536,1.0481230124969452,0.4975339516908782,0.4053071724497505,Nature,1
solar/10T/long,moiraic_base_11,26.863177970397405,26.863177970397405,2.7348362832173816,1.193743821585979,3.301209645084169,1.5335153398722627,11.794861837379514,5.182969995128025,1.120216038837928,0.5910911062452218,0.4862644774016043,Energy,1
solar/10T/medium,moiraic_base_11,22.202210517584604,22.202210517584604,2.394279678773364,1.047100499404509,3.7790980997187873,1.4924772934638355,10.641072847157162,4.711922168031281,1.045594276800051,0.5313001870381221,0.4395100978869221,Energy,1
solar/10T/short,moiraic_base_11,29.9677714178452,29.9677714178452,2.6552981931217685,1.1648612552191866,6.1333776066021,1.5636821366284597,10.613000857191135,5.474282730901392,1.5924682260734868,0.7724259434807269,0.6408724764733728,Energy,1
solar/D/short,moiraic_base_11,123193.46763990268,123193.46763990268,252.20176399026764,0.9830210108323488,1.0498409670344817,0.4291963303466203,5.477721536641708,350.98926997830387,0.5070599633466714,0.3643456599478835,0.2750832682003867,Energy,1
solar/H/long,moiraic_base_11,684.2275370032442,684.2275370032442,13.198376672749392,1.0044629016777509,4.570127973637272,1.426258294445078,7.223969121368935,26.157743346918217,0.9069367425532888,0.4576118278943549,0.3623887372520238,Energy,1
solar/H/medium,moiraic_base_11,660.6815807481752,660.6815807481752,12.05111039433166,0.9210965067715317,4.599002959711325,1.4160653887003878,7.472662380289554,25.703726981668925,0.925908262447024,0.4341091349799422,0.3467842250301375,Energy,1
solar/H/short,moiraic_base_11,657.4552859681137,657.4552859681137,11.293254628073376,0.870849416589776,4.640587690597086,1.406848547446131,5.958257480617927,25.640890896536995,0.9451317793710092,0.4162731273491917,0.3278274189884944,Energy,1
solar/W/short,moiraic_base_11,2139239.153284672,2139239.153284672,1177.6619668111314,1.2907950410313695,0.2695047455112429,0.2267360095560115,6.313326415853629,1462.613808660602,0.2985560454975295,0.240390250428411,0.1759664547133711,Energy,1
sz_taxi/15T/long,moiraic_base_11,17.716197582799147,17.716197582799147,2.8976748909366097,0.5499881789803205,7856636838084.537,0.4183989261290287,7.304421084017137,4.209061366005389,0.3895832022991019,0.2682036124135093,0.2227644609654944,Transport,1
sz_taxi/15T/medium,moiraic_base_11,17.868103966346155,17.868103966346155,2.89506356002938,0.5643424882713391,12102378118958.557,0.4208635118272569,6.315369340720473,4.227068010612812,0.3933992192284531,0.2694339767595061,0.2190351256989539,Transport,1
sz_taxi/15T/short,moiraic_base_11,16.97245101090316,16.97245101090316,2.7679839640746624,0.552319877332954,1152102033952.6497,0.400259520981338,3.963211818192689,4.119763465407106,0.3852155169356338,0.258818347835705,0.2038818507531451,Transport,1
sz_taxi/H/short,moiraic_base_11,7.360625438201121,7.360625438201121,1.88048341539171,0.572985287494754,0.9827621003501436,0.3010103030082507,4.145745128912742,2.713047260591146,0.2527371003753413,0.1751786386524144,0.1382186097640925,Transport,1
temperature_rain/D/short,moiraic_base_11,188.5237940571017,188.5237940571017,5.82222089240479,1.347979014600104,16.50841652135765,1.5350486454331018,20.91019706373348,13.730396718853454,1.6164307166180083,0.6854293347908516,0.5536379976099552,Nature,1
us_births/D/short,moiraic_base_11,230421.7333333333,230421.7333333333,320.64484375,0.472008806114539,0.030548973083496,0.0301815382639567,4.229862056111537,480.0226383550398,0.0449982271867441,0.0300578522187298,0.024380834892256,Healthcare,1
us_births/M/short,moiraic_base_11,86148090.66666667,86148090.66666667,7680.139322916667,0.8690601831883257,0.023708534737428,0.0240415756901105,4.918002568320988,9281.599574785949,0.0288285849981387,0.0238544603744507,0.0185025014137661,Healthcare,1
us_births/W/short,moiraic_base_11,4213992.0,4213992.0,1517.833984375,1.3790140976911498,0.0202385208436421,0.0205109907048089,9.505971345312604,2052.801013249945,0.0278665724686436,0.020604447507551,0.0161678438778202,Healthcare,1
bitbrains_fast_storage/5T/long,moiraie_base_7,4383983.357108095,4383983.357108095,332.8090414117367,0.9677644317991482,2.927179992028713,0.8435006394945843,17.761637905682722,2093.796398198281,5.533278673815993,0.879514919827613,0.650858843737617,Web/CloudOps,2
bitbrains_fast_storage/5T/medium,moiraie_base_7,3179694.79423648,3179694.79423648,262.8548618460233,1.0437850081111335,3.0170165828143545,0.8201238550571527,22.827473869482453,1783.1698725125657,5.41776240665287,0.798625644627295,0.5981771516279172,Web/CloudOps,2
bitbrains_fast_storage/5T/short,moiraie_base_7,2087557.1242216127,2087557.1242216127,174.91804555898057,0.7567342042230445,2.2364545745874183,0.7670447570213008,14.64369898439386,1444.8380961968066,4.536434292656359,0.5491994032873982,0.4185421649859645,Web/CloudOps,2
bitbrains_fast_storage/H/short,moiraie_base_7,2404229.8384014945,2404229.8384014945,259.7665611558449,1.0281716261731966,2.850719918300777,0.5886521719181679,21.42280647813005,1550.557911979264,4.419593667256136,0.7404190709547838,0.5697147630303824,Web/CloudOps,2
bitbrains_rnd/5T/long,moiraie_base_7,2424976.546410845,2424976.546410845,165.44287094628092,3.425246770787872,0.6360640150338412,0.7049747770000413,118.98055130725876,1557.233619727896,5.965411303449149,0.6337743803594964,0.6041193901132405,Web/CloudOps,2
bitbrains_rnd/5T/medium,moiraie_base_7,2265701.705037991,2265701.705037991,146.74454307574004,4.5099311494811785,0.3988846641776267,0.7229062839682584,163.47023134193145,1505.2248021601265,6.333248110391728,0.6174291034874015,0.606278761958019,Web/CloudOps,2
bitbrains_rnd/5T/short,moiraie_base_7,1903246.7880367013,1903246.7880367013,131.47123512674617,1.7654030997690977,1.0183084171500756,0.6915412204242075,55.48204793844325,1379.5821063049134,5.644851732240784,0.5379423420711015,0.4276691906680787,Web/CloudOps,2
bitbrains_rnd/H/short,moiraie_base_7,1747577.9167128426,1747577.9167128426,139.95332821291186,5.968402652072587,0.939249959928871,0.569322198671299,206.5621006976692,1321.9598771191363,5.785543358906285,0.6125042541862805,0.5710472128332418,Web/CloudOps,2
bizitobs_application/10S/long,moiraie_base_7,23088039.25333333,23088039.25333333,2592.075,6.983380026270211,0.1066771358913845,0.0994747924804687,93.11144370471996,4805.001483177017,0.185309701066312,0.0999659719301204,0.0898491860032569,Web/CloudOps,2
bizitobs_application/10S/medium,moiraie_base_7,19691733.33333333,19691733.33333333,2137.123541666667,5.215512993671317,0.0789352671305338,0.0763638623555501,55.01070403326393,4437.536854307053,0.174249011817305,0.0839185515508393,0.0702593466022952,Web/CloudOps,2
bizitobs_application/10S/short,moiraie_base_7,4529906.346666667,4529906.346666667,844.5761805555555,2.659697120346907,0.0373744795057508,0.0392008463541666,38.72460008235569,2128.357664178337,0.0820822478186427,0.0325719274165543,0.0279277360544426,Web/CloudOps,2
bizitobs_l2c/5T/long,moiraie_base_7,435.8253174603175,435.8253174603175,14.081984126984128,1.3622119934840329,1.170542613564887,0.9716288442460318,8.773605383936818,20.876429710568747,1.1721803179299526,0.7906823561260706,0.6250739433162044,Web/CloudOps,7
bizitobs_l2c/5T/medium,moiraie_base_7,234.3766156462585,234.3766156462585,9.97997581845238,0.9669231483890152,0.660168976705039,0.7844593696853741,6.835596732613245,15.309363659089769,0.805497662410596,0.5250934899508177,0.4145433937620184,Web/CloudOps,7
bizitobs_l2c/5T/short,moiraie_base_7,22.376587495349703,22.376587495349703,2.816921052478609,0.2879262931337477,0.1580720533715132,0.2168415183112735,2.60120514760889,4.730389782602456,0.1624607323074143,0.0967444709780499,0.0773958311767018,Web/CloudOps,7
bizitobs_l2c/H/long,moiraie_base_7,185.12214781746036,185.12214781746036,9.044574652777778,0.9413388728882154,1.0005767711177198,0.9390729631696428,6.325357955549525,13.605960010872453,0.8310913066829232,0.5524687240416434,0.4242969984939141,Web/CloudOps,7
bizitobs_l2c/H/medium,moiraie_base_7,185.3728422619048,185.3728422619048,8.723515973772322,0.8760809238937979,0.7691039796570819,0.953121076311384,6.574404412463926,13.615169564199514,0.824419197367277,0.528222142471777,0.4130138469664551,Web/CloudOps,7
bizitobs_l2c/H/short,moiraie_base_7,156.9918464781746,156.9918464781746,8.157892136346726,0.8111865503624673,0.6457263388507943,0.8367276872907367,5.8251091909789485,12.529638720975742,0.6753796160199419,0.4397312788719331,0.3488907262388291,Web/CloudOps,7
bizitobs_service/10S/long,moiraie_base_7,214842.0808465609,214842.0808465609,142.06813492063492,4.387519689282099,1.5215051463293652,0.1727891839244378,40.95157574062816,463.5106048911512,0.3433834741649454,0.1052486161533197,0.0931887907026028,Web/CloudOps,2
bizitobs_service/10S/medium,moiraie_base_7,117491.7384126984,117491.7384126984,102.783373015873,3.3390802788098344,0.6200776212177579,0.1403800843253968,27.6431457435419,342.77067904460324,0.2579772904776334,0.0773571886332099,0.0667787364875867,Web/CloudOps,2
bizitobs_service/10S/short,moiraie_base_7,19374.94455026455,19374.94455026455,39.93065930886243,1.508650163786849,0.0920007211190682,0.0808757390420903,14.956118727637646,139.1939098892784,0.1031193013949371,0.0295819098367485,0.0256260453001237,Web/CloudOps,2
car_parts/M/short,moiraie_base_7,1.8785206631421885,1.8785206631421885,0.497087234866022,0.8959406669026824,0.8321737237508662,1.8968629924459448,13.801612632261364,1.3705913552704865,3.2865374740748488,1.1919641977816335,1.0135446277799631,Sales,1
covid_deaths/D/short,moiraie_base_7,737391.5258145364,737391.5258145364,160.67415658286342,38.9163752677986,0.1071170227499763,0.3877180993407591,833.8526920429018,858.7150434309023,0.3230956988449872,0.0604544304942602,0.0483388696005479,Healthcare,1
electricity/15T/long,moiraie_base_7,375582.9913806306,375582.9913806306,65.5666997876783,0.98729756406202,0.1635537002359783,0.1512616039195934,7.933643572729091,612.848261301793,0.9668432832195244,0.1034395090848931,0.0826699721354339,Energy,1
electricity/15T/medium,moiraie_base_7,284676.822686585,284676.822686585,59.708976254574885,0.9406893550432672,0.1525982826740348,0.1496378960136894,7.856079006215881,533.5511434591674,0.9193623252308852,0.1028845761451596,0.0827369899337484,Energy,1
electricity/15T/short,moiraie_base_7,162237.04251178913,162237.04251178913,61.975014219541805,1.1878601150795804,0.182585099640828,0.1921242635744112,10.261033125520669,402.78659673801104,0.7939717981823309,0.1221649724215401,0.0991107910964826,Energy,1
electricity/D/short,moiraie_base_7,1669640683.566126,1669640683.566126,4724.741977477477,1.5552040384849093,0.3771245289705057,0.1060949459591427,12.247409828092737,40861.23693142593,0.6714858249270211,0.0776432017865269,0.0603337141359316,Energy,1
electricity/H/long,moiraie_base_7,8863391.379555555,8863391.379555555,288.5481306306306,1.269495485180591,0.3191407382604552,0.1520394122149493,10.787380008937864,2977.144836845456,1.1741850618648924,0.1138032991953873,0.0908505190022123,Energy,1
electricity/H/medium,moiraie_base_7,6474788.289324325,6474788.289324325,261.92614908854165,1.1739939565187532,0.2799198292865378,0.1410628178312971,9.76150631400883,2544.560529703376,0.9932258250673246,0.102238407182045,0.0814261605215404,Energy,1
electricity/H/short,moiraie_base_7,2009812.1465033784,2009812.1465033784,200.5605969568201,1.0661810391212398,0.2656889497461326,0.1406966115762521,10.890499788950567,1417.678435507636,0.6692454626975967,0.0946789244637207,0.0770069816240615,Energy,1
electricity/W/short,moiraie_base_7,74391561157.88109,74391561157.88109,37959.40771396396,1.805909614490071,0.2623531124259852,0.1112481899089641,13.981029950208251,272748.1643529083,0.6223213077018971,0.0866108422917847,0.0687641434564852,Energy,1
ett1/15T/long,moiraie_base_7,11.47064484126984,11.47064484126984,1.8543551587301588,1.1910896163082658,0.8787849441589296,0.4459878394717262,7.652723126636569,3.386834043951643,0.6455339174843802,0.3534419267339632,0.2740140737462504,Energy,7
ett1/15T/medium,moiraie_base_7,12.7169779265873,12.7169779265873,1.869101252480159,1.17253682652035,0.8456384725590966,0.4448458813864087,7.376026801574271,3.5660872012034845,0.6796997464918192,0.3562525467828047,0.2762085176799946,Energy,7
ett1/15T/short,moiraie_base_7,5.367511640276228,5.367511640276228,1.2310704503740584,0.8683619931379353,0.5000314769324552,0.2775479714075724,5.4938968072927565,2.316789079799072,0.4379695727904472,0.2327235586210682,0.1799799371526536,Energy,7
ett1/D/short,moiraie_base_7,46334.52380952381,46334.52380952381,144.50348462301588,1.7795547909367535,1.642438228546627,0.4787601047092014,11.35402664409916,215.25455583918267,0.5653732309781768,0.3795431955919061,0.2887434044880144,Energy,7
ett1/H/long,moiraie_base_7,160.3961970899471,160.3961970899471,7.289730076058201,1.3942978465834324,4320360697125.877,0.4819835521556713,10.2821579912917,12.664762022633788,0.6064880232937665,0.3490893848832249,0.2755355119520181,Energy,7
ett1/H/medium,moiraie_base_7,149.83091517857142,149.83091517857142,7.158427501860119,1.3726114451834064,4813954921670.491,0.4700305393763951,9.764638976087427,12.24054390860845,0.586293037115353,0.3428717083465584,0.2699789844940616,Energy,7
ett1/H/short,moiraie_base_7,119.20578148251488,119.20578148251488,5.573079390752883,0.9287660801987342,0.493926925886245,0.2949181227456955,6.084565340496908,10.918140019367533,0.5095942695776988,0.260118419107228,0.2020347236082624,Energy,7
ett1/W/short,moiraie_base_7,1098038.7142857143,1098038.7142857143,848.7329799107143,1.5828252752920184,0.611220291682652,0.5733082635062081,8.58163124967239,1047.8734247444747,0.4169738460856457,0.337731110052152,0.2538991051255865,Energy,7
ett2/15T/long,moiraie_base_7,14.444552331349206,14.444552331349206,2.484871496775793,1.0268565057928931,0.1499347095177754,0.1817995101686507,7.096086869714773,3.800598943765207,0.202540797296251,0.132423300006787,0.1038404029082594,Energy,7
ett2/15T/medium,moiraie_base_7,13.866984126984129,13.866984126984129,2.3800816902281747,0.9867761819715636,0.1449616783011548,0.1755603414868551,6.657139814103949,3.7238399706464462,0.1984501726749346,0.1268388615325585,0.0994251938957594,Energy,7
ett2/15T/short,moiraie_base_7,10.282984125046504,10.282984125046504,2.1239463987804594,0.9140683425167536,0.1242262641253316,0.1509240786234537,6.327536999528229,3.2067092361245515,0.1522338993664918,0.1008312941782441,0.0797519807744287,Energy,7
ett2/D/short,moiraie_base_7,101634.93333333332,101634.93333333332,194.5253224206349,1.2828721192873769,0.4216079469711061,0.1357391478523375,11.2652857857575,318.80234210766605,0.1824589917042922,0.1113319743988415,0.0906928174109266,Energy,7
ett2/H/long,moiraie_base_7,298.23234126984124,298.23234126984124,11.971378968253967,1.4187856193048916,0.2473052017894139,0.2881718065372851,7.739863612538063,17.269404774625013,0.236491206872955,0.1639388211165122,0.1272609697424089,Energy,7
ett2/H/medium,moiraie_base_7,251.0139136904762,251.0139136904762,10.739022972470238,1.2421161030138488,0.2142269524501427,0.231260499500093,7.597142197896513,15.843418623847448,0.2135002544776029,0.1447152405612846,0.1131441635432819,Energy,7
ett2/H/short,moiraie_base_7,117.011669921875,117.011669921875,6.970855712890625,0.7977741597572277,0.1261339470497594,0.1175029192652021,5.538731333747922,10.81719325527075,0.1371921001801399,0.0884098409574226,0.0696111356636813,Energy,7
ett2/W/short,moiraie_base_7,3056249.1428571427,3056249.1428571427,1253.5248325892858,0.8583760297430064,0.1465284824371338,0.1671082632882254,9.045074844429893,1748.2131285564535,0.1466482797451275,0.1051515157472869,0.0884932987274502,Energy,7
hierarchical_sales/D/short,moiraie_base_7,28.928567945173626,28.928567945173626,2.292771540086296,0.7431870727856279,0.6195395607507714,1.0708532124425123,7.2482998624925346,5.378528418180351,1.650072955088621,0.703396917585353,0.5714907894538143,Sales,1
hierarchical_sales/W/short,moiraie_base_7,485.885593220339,485.885593220339,9.220315706931938,0.7486322577873913,0.5464167217537862,0.4705243514756025,6.767067223172289,22.042812733867223,1.0119963145535111,0.4233092040971099,0.3545437147053093,Sales,1
hospital/M/short,moiraie_base_7,3525.8011054976096,3525.8011054976096,20.113481994920686,0.8121016202667359,0.1987146695040454,0.1851952680034878,5.398723553676599,59.37845657726049,0.215557585894436,0.0730166102770793,0.0574519613406868,Healthcare,1
jena_weather/10T/long,moiraie_base_7,2494.437037037037,2494.437037037037,13.662769200562169,0.7807025416186392,1.037620535327168,0.7259528861535727,7.556697306956247,49.94433938933457,0.305617972887326,0.0836048264559663,0.0711812792733194,Nature,21
jena_weather/10T/medium,moiraie_base_7,2302.525568181818,2302.525568181818,13.00712538329726,0.7511341640723836,1.0636836805207952,0.7315157891695978,7.072372866700312,47.98463887726798,0.2944809084766785,0.0798245061162274,0.0680271578138509,Nature,21
jena_weather/10T/short,moiraie_base_7,1138.706552172464,1138.706552172464,7.417589375329396,0.3330847860689075,0.6363391548529516,0.5784756932939802,2.485746256351897,33.744726286820935,0.2095970432284622,0.0460725266442327,0.0373916267710404,Nature,21
jena_weather/D/short,moiraie_base_7,356.6750496031746,356.6750496031746,9.49627201140873,1.1470527554305918,0.6527329911233608,0.467205810546875,7.121253005766512,18.885842570644677,0.1137236397536884,0.0571830784456028,0.0446055509775564,Nature,21
jena_weather/H/long,moiraie_base_7,3246.6896825396825,3246.6896825396825,15.250664475859788,0.953991826170109,3.289080756446414,0.6635536799355158,8.488704167819144,56.979730453378615,0.3430811066354678,0.0918258967473572,0.0726478212910129,Nature,21
jena_weather/H/medium,moiraie_base_7,2493.0829365079367,2493.0829365079367,13.04481956845238,0.8372073241446533,3.445187267931534,0.6745628720238095,6.427284211080748,49.93078145300689,0.3055353070895553,0.0798235644784789,0.0640414065934005,Nature,21
jena_weather/H/short,moiraie_base_7,1134.3453237586152,1134.3453237586152,9.133259173323935,0.5836862917998891,2.269895632293678,0.6317518927598856,5.028346027667707,33.6800434049396,0.2064565226386566,0.0559862974821915,0.0452336353543545,Nature,21
kdd_cup_2018/D/short,moiraie_base_7,2871.862937612208,2871.862937612208,20.72114085409186,1.1774936973077397,0.5217527507094835,0.4552292832986448,9.25580928755187,53.58976523191912,1.2004676773996958,0.4641755702144321,0.3700014263205828,Nature,1
kdd_cup_2018/H/long,moiraie_base_7,4221.435134842191,4221.435134842191,25.25610884669354,1.0745712589933305,1.0992322271290544,0.6456072132552833,9.174201960143504,64.97257217351172,1.524519057745982,0.5926103580825822,0.480167152867724,Nature,1
kdd_cup_2018/H/medium,moiraie_base_7,5526.241390696511,5526.241390696511,27.001525044099644,1.1074337326231505,0.973554839905072,0.607542597087778,10.209994368462194,74.33869376506767,1.5560434450201732,0.5651908033681743,0.4637728746298446,Nature,1
kdd_cup_2018/H/short,moiraie_base_7,5073.531807690451,5073.531807690451,23.930293227317755,0.9844931606157268,0.8467955109081744,0.532388789768869,8.902143055486858,71.2287288086096,1.4909462941319738,0.5009043766684249,0.4091907703623462,Nature,1
loop_seattle/5T/long,moiraie_base_7,89.61384872004358,89.61384872004358,5.289086100540362,0.8355134063934758,0.1579688135476687,0.1200372499217272,6.6890247112588845,9.46645914373709,0.1673689429908224,0.0935121291492129,0.0744794323685957,Transport,1
loop_seattle/5T/medium,moiraie_base_7,75.21381364285023,75.21381364285023,4.879286643265448,0.7758576505178946,0.1519289081286104,0.1116409023824245,6.1082378118940746,8.672589788687704,0.1543031924469269,0.08681253515548,0.0690256534959733,Transport,1
loop_seattle/5T/short,moiraie_base_7,39.95790707614768,39.95790707614768,3.4225322349398746,0.5456891944207816,0.0922388144444878,0.0729303299211988,4.185392087104902,6.3212267065932455,0.108395081240021,0.058688871143626,0.0463657489987285,Transport,1
loop_seattle/D/short,moiraie_base_7,19.09175263238519,19.09175263238519,3.0142151075743056,0.9129357371230846,0.0555734679179787,0.0555676388543702,8.629196999467075,4.369411016645744,0.0780872108004531,0.0538680498598991,0.0442485817978014,Transport,1
loop_seattle/H/long,moiraie_base_7,66.9893493883299,66.9893493883299,4.749172118048837,0.9925793087641812,0.1327016545030969,0.10805737049587,8.668519683084224,8.184702156360359,0.1462715635140673,0.0848740513501262,0.069414125359108,Transport,1
loop_seattle/H/medium,moiraie_base_7,78.1488518587945,78.1488518587945,5.148125250691354,1.0546354499606083,0.1253945517958256,0.1152381224774969,9.280179760408828,8.84018392675144,0.1562492615231963,0.0909925376343429,0.0746651853525914,Transport,1
loop_seattle/H/short,moiraie_base_7,74.38686933719991,74.38686933719991,4.956324368011141,1.0043012761341867,0.1289468598154702,0.1123249392617979,9.02716784314361,8.624782277669386,0.1526674169717181,0.087731981466634,0.0721775167381833,Transport,1
m4_daily/D/short,moiraie_base_7,389388.0069113522,389388.0069113522,182.58313072029512,3.398896079525308,0.0411837291224399,0.0324682044275446,27.22902920509245,624.0096208483906,0.0963922402133436,0.0282040475135094,0.0224781831088291,Econ/Fin,1
m4_hourly/H/short,moiraie_base_7,659153.3895682368,659153.3895682368,206.4831603905621,1.5661617953736289,0.1067850355556813,0.0988943066190022,12.161785340180256,811.882620560532,0.1108399128442796,0.0281895127718095,0.0239588474258432,Econ/Fin,1
m4_monthly/M/short,moiraie_base_7,1976641.530460648,1976641.530460648,586.5313774775752,1.034083300065802,0.1624927067580046,0.1366962782365304,8.500192183394004,1405.9308412794169,0.2922006929233128,0.1219013552361153,0.0975559991512432,Econ/Fin,1
m4_quarterly/Q/short,moiraie_base_7,1880016.7404479168,1880016.7404479168,591.3928078613282,1.2795404217861308,0.1182902689973513,0.1084987801214059,9.836728526240012,1371.1370246798515,0.229504192542812,0.0989887417528759,0.0789314920444169,Econ/Fin,1
m4_weekly/W/short,moiraie_base_7,412467.8225841011,412467.8225841011,324.4690847975145,2.595490043410065,0.0779244369987453,0.0812546521814778,18.564867500201583,642.2365783604209,0.1170055402004425,0.0591132330737019,0.0460616609011658,Econ/Fin,1
m4_yearly/A/short,moiraie_base_7,4142098.078639621,4142098.078639621,995.2156269043268,3.742959789706497,0.1760995305078138,0.1670470803527221,39.69407785560432,2035.2145043310843,0.3263560785493625,0.1595874383836961,0.1308844922641975,Econ/Fin,1
m_dense/D/short,moiraie_base_7,11643.843703703704,11643.843703703704,57.91993055555555,0.810294994455563,0.141156342932699,0.1176611328125,6.883568478857441,107.90664346417094,0.1868023613199115,0.1002679672716868,0.0809040316009698,Transport,1
m_dense/H/long,moiraie_base_7,45423.47061728395,45423.47061728395,97.89347222222224,0.804166226841885,0.3087767024037122,0.223183292341821,7.451079581213618,213.1278269426213,0.3689557744594855,0.1694680717032881,0.1373399275575325,Transport,1
m_dense/H/medium,moiraie_base_7,37816.72444444445,37816.72444444445,88.04407118055556,0.7481237897764322,0.3046295567926451,0.2129512193467882,7.42600194910108,194.46522682588895,0.3383449266060636,0.1531855606676427,0.1253316477446328,Transport,1
m_dense/H/short,moiraie_base_7,51212.79611111112,51212.79611111112,99.92503472222222,0.8600017692072962,0.3152921679428735,0.2323996437920464,8.914665177796428,226.30244389115887,0.4014041754106892,0.1772421255196401,0.1452714561209594,Transport,1
restaurant/D/short,moiraie_base_7,154.9400811822873,154.9400811822873,7.618547796746579,0.7298370061287469,0.6600882944477766,0.4187197412241626,5.050962895705179,12.44749296775408,0.5728624669274738,0.3506232216041643,0.2747469846324085,Sales,1
saugeen/D/short,moiraie_base_7,1217.49625,1217.49625,13.353855794270832,2.9670956410492484,0.3137034606933593,0.3484896850585937,30.252190328814148,34.89263890851478,1.1301808879560022,0.4325345709384702,0.3551151246130283,Nature,1
saugeen/M/short,moiraie_base_7,483.0699404761905,483.0699404761905,13.662914457775296,0.8005393466854871,0.4359010060628255,0.3936205818539574,5.101618992912916,21.97885211916652,0.6598710765561812,0.4102016803818913,0.3212329805857397,Nature,1
saugeen/W/short,moiraie_base_7,1335.26357421875,1335.26357421875,17.407977294921874,1.4123814996392023,0.4507133960723877,0.4512444972991943,16.11420480132559,36.54125851990801,1.1030282734053924,0.5254742698212432,0.4327737436249675,Nature,1
solar/10T/long,moiraie_base_7,85.50843692974452,85.50843692974452,4.463582851784266,1.959164907507344,1.5314754911447463,1.902072804054268,24.237553941867457,9.247077210110474,1.998607789139354,0.9647320177332344,0.827637169779665,Energy,1
solar/10T/medium,moiraie_base_7,71.52632368391949,71.52632368391949,3.968649211665008,1.7489236255517775,1.422209376629544,1.854788083129424,21.800578313033235,8.457323671464838,1.8767137725502696,0.8806590504608732,0.7473553800486332,Energy,1
solar/10T/short,moiraie_base_7,35.194598670829535,35.194598670829535,2.660755252142022,1.167494406063443,3.9261262145930327,1.6334347727234926,8.511145604018594,5.932503575290076,1.725764617780568,0.7740134013313247,0.6173414878952359,Energy,1
solar/D/short,moiraie_base_7,117507.62141119222,117507.62141119222,254.40693050486615,0.9918591208903318,1.0098944076946472,0.4364005040078267,5.346104648912136,342.79384681057536,0.4952203678761439,0.3675313745770935,0.278067784171812,Energy,1
solar/H/long,moiraie_base_7,789.5491078669911,789.5491078669911,12.156227110578874,0.9247581912474226,6.808624078477177,1.4059207170645782,4.903318204229839,28.09891648919921,0.97424076121588,0.4214785989444034,0.3253427251359445,Energy,1
solar/H/medium,moiraie_base_7,773.7285774026764,773.7285774026764,11.44596211602798,0.875037826696775,5.317855568609463,1.4027084090703883,4.460558086888113,27.815977016863464,1.0019964406841886,0.4123102810127115,0.3205863880656198,Energy,1
solar/H/short,moiraie_base_7,716.1990711838904,716.1990711838904,11.13951784774579,0.8558096474508147,4.447443449080034,1.4048466764907297,4.645504216968405,26.761895881717543,0.986452396529072,0.4106063384169317,0.3195731721986703,Energy,1
solar/W/short,moiraie_base_7,1762883.6058394162,1762883.6058394162,1062.9528826414237,1.1700411376141655,0.2429880260551062,0.2078534799770717,7.059174198423389,1327.7362711922185,0.2710241679953735,0.2169752584807326,0.1626364482105643,Energy,1
sz_taxi/15T/long,moiraie_base_7,17.039700743411682,17.039700743411682,2.845310482883725,0.5391898684460141,7891322675821.271,0.4144269372662927,4.369268029455308,4.127917240378213,0.3820726469612981,0.2633568563313805,0.2114160925197424,Transport,1
sz_taxi/15T/medium,moiraie_base_7,17.438300030048076,17.438300030048076,2.860769731570513,0.5586230215769296,11539953987003.436,0.4179371499607706,4.239376336513999,4.175919064116075,0.3886389561890001,0.2662423637298125,0.2113443184844458,Transport,1
sz_taxi/15T/short,moiraie_base_7,17.377183851304945,17.377183851304945,2.813329862005399,0.5624290962878723,1096837597658.626,0.4072134509336963,4.014984338257416,4.168594949297058,0.3897814696820358,0.2630583833763312,0.2072185102184143,Transport,1
sz_taxi/H/short,moiraie_base_7,7.644245115100828,7.644245115100828,1.9208499875843013,0.5863378800362842,1.019781014858148,0.3038804714496319,4.444047297135239,2.7648227999459256,0.2575603114844781,0.1789390340411127,0.1419810809865906,Transport,1
temperature_rain/D/short,moiraie_base_7,189.60291964525675,189.60291964525675,5.834757990432668,1.347808672368287,16.532034885286023,1.5448648801293017,20.837734730985797,13.76963760036032,1.621050405874894,0.6869052827014961,0.5556072992712733,Nature,1
us_births/D/short,moiraie_base_7,370814.56,370814.56,448.19916666666666,0.6599595006153707,0.0435895252227783,0.042945213317871,4.444689373679225,608.9454491167497,0.057083694547386,0.0420150349485372,0.0335985523441034,Healthcare,1
us_births/M/short,moiraie_base_7,145285258.66666666,145285258.66666666,10544.1328125,1.1909939622395944,0.0326292912165323,0.033130129178365,8.022743830498177,12053.433480409914,0.0374378822108819,0.0327500046266356,0.023703901578956,Healthcare,1
us_births/W/short,moiraie_base_7,4735089.142857143,4735089.142857143,1613.9896763392858,1.4662600576236515,0.0215254234416144,0.021772529397692,12.26214764009304,2176.025997743856,0.0295393395503934,0.021909751597475,0.0178622020755964,Healthcare,1
bitbrains_fast_storage/5T/long,moiraie_base_8,5202322.320431385,5202322.320431385,388.0584629883462,0.9840607458517496,3.560609053509164,0.837825301745362,18.128239655778422,2280.8599957979413,6.027631905169424,1.025522643603233,0.714430814172858,Web/CloudOps,2
bitbrains_fast_storage/5T/medium,moiraie_base_8,3578094.943405927,3578094.943405927,283.4586889029088,1.058485950455052,3.661976532457517,0.8210599817759435,23.068012955329404,1891.5852990034384,5.747158405877476,0.8612257599515205,0.6185092216231669,Web/CloudOps,2
bitbrains_fast_storage/5T/short,moiraie_base_8,2111865.942378441,2111865.942378441,175.40111390527173,0.8047434795557945,2.134775226092021,0.780834886804849,15.68474645723891,1453.226046552442,4.562770382311363,0.5507161184249493,0.4203302340432159,Web/CloudOps,2
bitbrains_fast_storage/H/short,moiraie_base_8,2348501.826285891,2348501.826285891,252.568409797552,1.0654475490712083,2.6622156288427714,0.5937468729085434,21.513621806163457,1532.482243383554,4.368072140817279,0.719902001638454,0.5803603466793004,Web/CloudOps,2
bitbrains_rnd/5T/long,moiraie_base_8,2781780.5256457743,2781780.5256457743,188.55647498105276,3.4424772916615463,1.5259195947758335,0.7074864091383906,120.3521889721821,1667.8670587447234,6.389223093337011,0.7223173921630616,0.6470651715685832,Web/CloudOps,2
bitbrains_rnd/5T/medium,moiraie_base_8,2395153.8325661337,2395153.8325661337,159.63588739183336,4.520471472858306,0.8339883318673705,0.722874409643635,164.21295462533817,1547.6284543023023,6.511661892451224,0.671669561067652,0.6472015158287534,Web/CloudOps,2
bitbrains_rnd/5T/short,moiraie_base_8,2031837.9608945784,2031837.9608945784,135.21999728872197,1.794818248117744,0.9247774170018996,0.7086212431877541,56.867503970552,1425.425536776502,5.832429816014662,0.5532811946751456,0.4573785070541742,Web/CloudOps,2
bitbrains_rnd/H/short,moiraie_base_8,1815262.5175397468,1815262.5175397468,149.3353949606528,5.95648139318729,1.3072417580394176,0.5785942196332811,203.93301970286623,1347.316784405118,5.896517594274543,0.6535647696411806,0.5912960190419403,Web/CloudOps,2
bizitobs_application/10S/long,moiraie_base_8,20814087.964444444,20814087.964444444,2375.1447222222223,6.62826379559831,0.0934033711751302,0.0931944020589192,81.33645238955079,4562.245934235072,0.1759475898652814,0.0915998382113327,0.0832109419717598,Web/CloudOps,2
bizitobs_application/10S/medium,moiraie_base_8,19795570.346666668,19795570.346666668,2058.26375,6.473770040265098,0.0886794153849283,0.089594923655192,57.30343125764864,4449.221319137391,0.1747078263617576,0.0808219596303242,0.0709201925096551,Web/CloudOps,2
bizitobs_application/10S/short,moiraie_base_8,5944639.1466666665,5944639.1466666665,924.2260416666668,2.790622934566008,0.0400126054551866,0.0411480882432725,26.056722554588333,2438.163068104073,0.0940302039204684,0.0356437041900162,0.0294972508179565,Web/CloudOps,2
bizitobs_l2c/5T/long,moiraie_base_8,908.7889682539684,908.7889682539684,19.715298859126985,1.8872859122777863,1.8015682788834095,1.066852291046627,16.267569111643223,30.14612691962217,1.6926599579960802,1.1069845565152387,0.8866111185348134,Web/CloudOps,7
bizitobs_l2c/5T/medium,moiraie_base_8,523.9951105442177,523.9951105442177,13.481026785714286,1.291114079770426,0.8296155217489907,0.8515179900085034,10.26775978522706,22.890939485836263,1.2044000427983694,0.7093002560129344,0.5623492111019999,Web/CloudOps,7
bizitobs_l2c/5T/short,moiraie_base_8,24.13329845610119,24.13329845610119,2.94088861374628,0.3018477740915379,0.1481636366730539,0.2173134741329011,3.0337392248664043,4.912565364053815,0.1687173791655585,0.1010020188148013,0.0805094815529498,Web/CloudOps,7
bizitobs_l2c/H/long,moiraie_base_8,302.2784226190476,302.2784226190476,11.15034877232143,1.086747577957675,0.8279810293974259,1.1152828156001984,7.929240953444363,17.38615606219637,1.0619965918154617,0.6810954849017463,0.5352091821170808,Web/CloudOps,7
bizitobs_l2c/H/medium,moiraie_base_8,337.5289806547619,337.5289806547619,12.000918433779765,1.1305370628928737,0.778243782125298,1.1598985944475446,7.4301909504764465,18.371961807459808,1.112450192849198,0.7266738395136956,0.5618035459221471,Web/CloudOps,7
bizitobs_l2c/H/short,moiraie_base_8,255.693839905754,255.693839905754,10.051199776785714,0.9374465296838946,0.6170030040420789,1.0542176261780754,6.193022534184613,15.990429634808253,0.8619251095142256,0.5417854095362631,0.4221548290408115,Web/CloudOps,7
bizitobs_service/10S/long,moiraie_base_8,212353.8014814815,212353.8014814815,129.5057671957672,3.46400662136647,0.2809867414847883,0.1718678049561838,36.51622919687796,460.8186210229373,0.3413891664548115,0.0959420125339361,0.0877907051113724,Web/CloudOps,2
bizitobs_service/10S/medium,moiraie_base_8,131342.0088888889,131342.0088888889,104.25664682539684,3.489114122602265,0.2769595385354663,0.1651341417100694,28.94667602372044,362.411380738642,0.2727593454078577,0.0784660092201165,0.0681373384009788,Web/CloudOps,2
bizitobs_service/10S/short,moiraie_base_8,23852.304126984127,23852.304126984127,42.60498346560846,1.7085967956468304,0.163606611786696,0.1053522003012359,17.385256251673912,154.44191182118968,0.114415509024553,0.0315631347263045,0.026638253834963,Web/CloudOps,2
car_parts/M/short,moiraie_base_8,1.9913441966028824,1.9913441966028824,0.5050112431752851,0.8932817079109807,0.8255819850719656,1.893083232070276,15.77836557864345,1.4111499553920137,3.3837928366472405,1.2109651568589903,1.0274839813411896,Sales,1
covid_deaths/D/short,moiraie_base_8,566138.3246710526,566138.3246710526,121.92114784030387,36.98019067417767,0.0984840101448124,0.3755726730614377,789.254816091688,752.421640219799,0.2831022904893003,0.0458734230485339,0.0398763069684084,Healthcare,1
electricity/15T/long,moiraie_base_8,380913.4093367117,380913.4093367117,65.5896430884009,1.0165160225720136,0.1699896686201196,0.1564757799486498,7.977786735678345,617.1818284239351,0.973680016761893,0.1034757049552239,0.0821637241340241,Energy,1
electricity/15T/medium,moiraie_base_8,280409.39421846846,280409.39421846846,61.48108634220158,0.9966664831091252,0.1660380125097262,0.1574497288884343,8.103153410339196,529.5369620890202,0.912445486679232,0.1059381001994104,0.084588205498765,Energy,1
electricity/15T/short,moiraie_base_8,182121.08582629505,182121.08582629505,66.764103893933,1.3091215886353904,0.1997493345880262,0.2069236444352983,11.272712305015146,426.7564713349934,0.8412211470685598,0.131605212417674,0.1071843684686505,Energy,1
electricity/D/short,moiraie_base_8,2468661247.5387387,2468661247.5387387,5325.2596531531535,1.623532131040217,0.5414112228053292,0.1099174991642032,12.903838832671736,49685.624153659766,0.8164998132049911,0.0875117015461171,0.0682478395255088,Energy,1
electricity/H/long,moiraie_base_8,8000457.293309309,8000457.293309309,284.60995945945945,1.2883687681748484,0.2979802136195135,0.154336084131006,10.684789780639038,2828.507962391004,1.1155627216056152,0.1122500856254503,0.0895816408892341,Energy,1
electricity/H/medium,moiraie_base_8,6954924.010394144,6954924.010394144,266.61500994158223,1.196899417962234,0.2603549008156962,0.143723033355163,9.635121204099825,2637.21899174,1.0293934761534334,0.1040686240839514,0.0831626105634326,Energy,1
electricity/H/short,moiraie_base_8,2060569.5024324325,2060569.5024324325,210.5055627991273,1.121258039395286,0.2330098361994633,0.1467971196045746,11.44849953914604,1435.468391303839,0.6776435922733891,0.0993736585444175,0.0809972738113761,Energy,1
electricity/W/short,moiraie_base_8,111939817826.24864,111939817826.24864,41050.66734234234,1.865647047517745,0.2613130926439171,0.1148299646807146,14.115962164231192,334574.0842119255,0.7633876550696937,0.09366407668822,0.0712538322711067,Energy,1
ett1/15T/long,moiraie_base_8,10.42563244047619,10.42563244047619,1.8065821862599207,1.2039957335085962,0.8505664252768445,0.4595368303571429,7.825408555946348,3.2288747947971275,0.6154267284144862,0.3443363509459614,0.2702024281368145,Energy,7
ett1/15T/medium,moiraie_base_8,10.236702628968256,10.236702628968256,1.7814315166170636,1.1675034010843544,0.7964103566919819,0.4472213309151785,7.472725179184185,3.1994847442937204,0.609824955729341,0.3395426084444936,0.2639754171909334,Energy,7
ett1/15T/short,moiraie_base_8,5.48696368081229,5.48696368081229,1.2752092088971818,0.8820376864536559,0.5301328503425239,0.2888750916435605,5.687906237627827,2.3424268784344773,0.4428161839099239,0.2410676212646774,0.1905085699088307,Energy,7
ett1/D/short,moiraie_base_8,46055.95873015873,46055.95873015873,140.53678075396826,1.733999612669822,1.2628882998511906,0.4896340022011409,10.504127583048792,214.60652070745363,0.5636711452091456,0.3691245163029409,0.2858273454506826,Energy,7
ett1/H/long,moiraie_base_8,175.42544642857143,175.42544642857143,7.653935185185185,1.481733538376229,3576671727028.3804,0.503160232463211,10.844455101526933,13.2448271573687,0.6342660862623629,0.3665303787458146,0.2898273018203452,Energy,7
ett1/H/medium,moiraie_base_8,143.23348214285716,143.23348214285716,7.027883765811012,1.354796898963635,3863220015042.129,0.4654040382021949,10.311753494538737,11.96801914031128,0.5732397467316033,0.336618972842641,0.2694858083668129,Energy,7
ett1/H/short,moiraie_base_8,101.78270757765998,101.78270757765998,5.350147138323103,0.9074967677581224,0.4512836127054123,0.2834576833815801,6.250337605613396,10.08874162508189,0.4708828527818743,0.249713258691558,0.1971234942867347,Energy,7
ett1/W/short,moiraie_base_8,1075172.5714285714,1075172.5714285714,815.1282784598214,1.4589228519748825,0.7663660049438477,0.517104012625558,8.390445847161448,1036.9052856594817,0.412609361758937,0.3243589972762644,0.2435255351125383,Energy,7
ett2/15T/long,moiraie_base_8,17.2540873015873,17.2540873015873,2.669115513392857,1.1002066811662472,0.1664913201092323,0.201203380766369,7.754853753666265,4.153803955603502,0.2213637317245514,0.1422419971581666,0.1112589020017572,Energy,7
ett2/15T/medium,moiraie_base_8,16.26968005952381,16.26968005952381,2.534232235863095,1.0449180318166222,0.1573106209944779,0.1888572862413194,7.444327152387101,4.03356914649096,0.214956201106156,0.1350538231421668,0.1052735532090352,Energy,7
ett2/15T/short,moiraie_base_8,11.132218279157366,11.132218279157366,2.18173591977074,0.9370527186938832,0.1293420423500788,0.1542475796881176,5.826275723208029,3.336497906361904,0.15839542943016,0.1035747683990326,0.0812117711088563,Energy,7
ett2/D/short,moiraie_base_8,129773.23174603174,129773.23174603174,220.3143849206349,1.4389134602934923,0.4625372023809523,0.1497479635571676,11.44929070944106,360.2405193006913,0.2061751538212874,0.1260917352890543,0.1006847889030556,Energy,7
ett2/H/long,moiraie_base_8,415.1930886243386,415.1930886243386,13.844047619047618,1.5393205996697774,0.2530245340851182,0.2685113816034226,9.392330759432816,20.376287410231004,0.2790375733341027,0.1895835769768922,0.1469599735812327,Energy,7
ett2/H/medium,moiraie_base_8,343.47109375,343.47109375,12.400626627604169,1.3971835907989163,0.2269697250220649,0.2400585174560547,8.817023819668167,18.53297314922784,0.2497437312948971,0.1671064183515398,0.1308074849492411,Energy,7
ett2/H/short,moiraie_base_8,137.60825892857142,137.60825892857142,7.66205560593378,0.8762111469803444,0.1357509791007037,0.1312763094902038,6.317671709916913,11.730654667518408,0.1487773318222491,0.0971761782810785,0.0770467866191189,Energy,7
ett2/W/short,moiraie_base_8,3364099.4285714286,3364099.4285714286,1250.621791294643,0.8332750799448218,0.1473534788404192,0.1613869667053222,8.482153625402315,1834.1481479344648,0.1538569104067995,0.104907995089002,0.0882413769406303,Energy,7
hierarchical_sales/D/short,moiraie_base_8,29.42042198480777,29.42042198480777,2.307011246415099,0.744957479479853,0.6198630632723281,1.070146032225351,7.137538608340204,5.424059548420147,1.66404140161934,0.7077655017917951,0.5737573256426644,Sales,1
hierarchical_sales/W/short,moiraie_base_8,494.069878012447,494.069878012447,9.29035341941704,0.7544089306428929,0.5525931741415173,0.4754154722569352,6.741674091408543,22.22768269551388,1.0204837849193331,0.4265246697352943,0.357857730143682,Sales,1
hospital/M/short,moiraie_base_8,3337.923063342025,3337.923063342025,20.14092060007877,0.8089297537705693,0.1980118434463361,0.1849609998349053,5.455183987740889,57.77476147369217,0.2097358002677563,0.073116218785436,0.0579756892995317,Healthcare,1
jena_weather/10T/long,moiraie_base_8,2157.056216931217,2157.056216931217,12.443707113921958,0.8257883370561093,1.007125340640717,0.7274053180028521,7.40979903805607,46.44411929331008,0.2841995262027569,0.0761451766077928,0.0611429623594481,Nature,21
jena_weather/10T/medium,moiraie_base_8,2129.963000541125,2129.963000541125,11.90706521126443,0.7162553953066549,0.8636245095299274,0.734906666413014,6.193078013257993,46.15152219094323,0.2832311027104335,0.0730734556463508,0.0584696003938461,Nature,21
jena_weather/10T/short,moiraie_base_8,1664.5446252247643,1664.5446252247643,8.972571975465804,0.3565917903945234,0.4144928449833162,0.6408987919489543,3.2420360196441385,40.79883117473789,0.2534118756429801,0.0557309174840359,0.0466494956553792,Nature,21
jena_weather/D/short,moiraie_base_8,346.96299603174606,346.96299603174606,9.687808469742064,1.19025241381599,0.6631670595223932,0.4697689480251736,7.327824434172238,18.626942745167444,0.1121646396521716,0.058336440976595,0.0461855130180001,Nature,21
jena_weather/H/long,moiraie_base_8,5975.729100529101,5975.729100529101,19.222371031746032,1.0625354724356042,4.400182564464142,0.6903083922371032,9.808227376851928,77.30284018410384,0.4654487437094306,0.1157399705694456,0.0920397399358286,Nature,21
jena_weather/H/medium,moiraie_base_8,3471.2361111111118,3471.2361111111118,14.835404265873017,0.9510368385790556,4.459433300126789,0.7116676936073909,6.863729824555231,58.917197074463,0.360524778045865,0.090780469807733,0.0720257399078184,Nature,21
jena_weather/H/short,moiraie_base_8,1111.1150108343777,1111.1150108343777,9.110751069976374,0.5764172626816637,1.7541546701536053,0.6259025507104725,5.297024299605688,33.333391829131,0.2043315705402232,0.0558483242411105,0.0452820179724596,Nature,21
kdd_cup_2018/D/short,moiraie_base_8,2894.6781217792072,2894.6781217792072,21.075387261349658,1.195750214528577,0.5333918504190537,0.4649670550984757,9.187786896084676,53.80221298217395,1.2052267327195594,0.4721110661045066,0.3752396318262062,Nature,1
kdd_cup_2018/H/long,moiraie_base_8,4233.484733215765,4233.484733215765,24.779745594486204,1.0493892166809569,1.0424642217990931,0.6337535301486216,8.667715645922973,65.06523444371629,1.5266932889967262,0.5814329514922978,0.4678035452645753,Nature,1
kdd_cup_2018/H/medium,moiraie_base_8,5322.628539490024,5322.628539490024,25.926591783205275,1.0728717466768103,0.9445753626109248,0.5850611335761191,9.379033869713853,72.95634680745756,1.5271084205639922,0.542690504133231,0.4426642061432967,Nature,1
kdd_cup_2018/H/short,moiraie_base_8,4617.001526278232,4617.001526278232,22.830500583744342,0.9574676510206128,0.826289617668476,0.5143151998165241,7.832999594702034,67.94852114857417,1.4222856071238688,0.4778837248376824,0.3872396603102214,Nature,1
loop_seattle/5T/long,moiraie_base_8,88.61205756937278,88.61205756937278,5.256342529884761,0.8317457464545781,0.1507324026987211,0.1198198588060384,6.831459045232839,9.413397769635193,0.1664308069927442,0.0929332160913143,0.0742688888429534,Transport,1
loop_seattle/5T/medium,moiraie_base_8,73.48772894293408,73.48772894293408,4.866186981988519,0.7730493457322811,0.1465707662796949,0.1115798632894384,6.1550125721751,8.572498407286762,0.1525223611078575,0.0865794652646799,0.0689772887143873,Transport,1
loop_seattle/5T/short,moiraie_base_8,45.799946353310034,45.799946353310034,3.711615168174846,0.5937629570589175,0.0978706951111832,0.0790570246791938,4.615419218469381,6.76756576276212,0.1160488105713163,0.0636460051759215,0.0504023062031781,Transport,1
loop_seattle/D/short,moiraie_base_8,19.618546795131497,19.618546795131497,3.0601453483904355,0.9226269637709886,0.0567362052614351,0.0563814529324463,8.102603452581116,4.429282875944084,0.0791572008929928,0.0546888846092649,0.044889828535409,Transport,1
loop_seattle/H/long,moiraie_base_8,69.32157536294397,69.32157536294397,4.875778308470798,1.019563274669914,0.132003354025658,0.1109465684356007,8.695405598950984,8.325957924644106,0.1487959928320222,0.0871366731376752,0.0708518116376738,Transport,1
loop_seattle/H/medium,moiraie_base_8,79.44972565043699,79.44972565043699,5.252456414662648,1.075711225270544,0.1265326124964852,0.1184298940733367,9.05194307155232,8.913457558682657,0.1575443647668889,0.0928365792809244,0.0754781366221823,Transport,1
loop_seattle/H/short,moiraie_base_8,71.87809234183199,71.87809234183199,4.86214668100295,0.989130281659502,0.1414359961228901,0.1102664306857767,8.323848697562742,8.478094853316515,0.1500709003922597,0.0860649406360338,0.0696253437078464,Transport,1
m4_daily/D/short,moiraie_base_8,360043.7621413363,360043.7621413363,183.31564213580216,3.432605879177961,0.0414693500074724,0.0334287840636182,29.09621823347076,600.036467342891,0.092689050560223,0.0283172002822545,0.0226909902116927,Econ/Fin,1
m4_hourly/H/short,moiraie_base_8,728410.6297302737,728410.6297302737,198.30806065066423,1.867554532392537,0.1102153437149121,0.1039316727151425,13.701838431094725,853.4697591187831,0.1165174759507014,0.0270734310628083,0.0235545657760185,Econ/Fin,1
m4_monthly/M/short,moiraie_base_8,2027239.1405625,2027239.1405625,592.8715081561053,1.041441641873991,0.1652570254891007,0.13790008200981,8.58802283989215,1423.811483505629,0.2959169042012861,0.1232190520410342,0.0985201682318751,Econ/Fin,1
m4_quarterly/Q/short,moiraie_base_8,1907703.936453125,1907703.936453125,597.0212087198893,1.29784701835076,0.1194368056058883,0.1099756272236506,10.21355952771067,1381.196559673215,0.2311879815547433,0.0999308369418326,0.0799181202269444,Econ/Fin,1
m4_weekly/W/short,moiraie_base_8,406244.3334047568,406244.3334047568,336.2420920827084,2.9802033027855845,0.0824092818399759,0.0857407557828947,24.36927662766165,637.3729939405629,0.1161194705782345,0.0612580923414572,0.0481891073769132,Econ/Fin,1
m4_yearly/A/short,moiraie_base_8,4367445.279649459,4367445.279649459,1026.763862591045,3.8621158403364175,0.1808145546649552,0.1727642902996268,38.32367916907899,2089.843362467498,0.3351160691445008,0.1646463441953232,0.1348178883302813,Econ/Fin,1
m_dense/D/short,moiraie_base_8,16865.737777777777,16865.737777777777,69.57362268518519,0.9046658164339416,0.1504943938145733,0.1326760073061342,7.285875567907017,129.86815536449947,0.2248209869525295,0.1204422321549505,0.0949858319745469,Transport,1
m_dense/H/long,moiraie_base_8,50548.8750617284,50548.8750617284,101.18300925925926,0.8206672459287951,0.307249045297455,0.2227192141685957,7.591128377482827,224.83076982861664,0.389215298604683,0.1751627465963977,0.1421429112185149,Transport,1
m_dense/H/medium,moiraie_base_8,43516.04888888889,43516.04888888889,93.61621527777778,0.7778970803717952,0.299761238600533,0.2146105787489149,7.456923613360467,208.6050068643821,0.3629463575016407,0.1628803874312009,0.1324544227585353,Transport,1
m_dense/H/short,moiraie_base_8,51977.16541666666,51977.16541666666,98.30927734375,0.8574752343617315,0.3155545880460197,0.2320075225830078,8.66472113971613,227.98501138598272,0.4043886311073207,0.1743761743305256,0.1435453771806175,Transport,1
restaurant/D/short,moiraie_base_8,154.5806357698235,154.5806357698235,7.667794041354371,0.7360523241334634,0.6704634558400754,0.4177614131694839,5.01922247965392,12.433046117899808,0.5721975894241654,0.3528896478834172,0.2754613986542955,Sales,1
saugeen/D/short,moiraie_base_8,1249.4501041666667,1249.4501041666667,13.3234765625,2.9596455126175694,0.3165542856852213,0.3417602030436198,27.979293788496516,35.34756150241013,1.1449159391645949,0.4315505803830926,0.3556460188359594,Nature,1
saugeen/M/short,moiraie_base_8,454.74925595238096,454.74925595238096,13.038677397228422,0.7638864753938722,0.4266315187726702,0.3876104354858398,5.1085613336910844,21.3248506665904,0.6402359909638642,0.3914602111306321,0.310030915247282,Nature,1
saugeen/W/short,moiraie_base_8,1677.8796875,1677.8796875,19.32410888671875,1.5676706138557672,0.4170546531677246,0.5058789730072022,19.76651323889096,40.96192973359532,1.2364699098906238,0.583314295231582,0.4915848184863109,Nature,1
solar/10T/long,moiraie_base_8,38.48342425740065,38.48342425740065,2.8105157386550843,1.2154513910861189,1.857051859154207,1.6318399854774754,5.155673839311879,6.203500967792352,1.3407874804600224,0.6074480096946967,0.4357021806167068,Energy,1
solar/10T/medium,moiraie_base_8,31.036737931320506,31.036737931320506,2.5107716290989277,1.094494851132619,2.0970071240176176,1.584576544269105,4.97940988274266,5.571062549578896,1.2362409457982633,0.5571502143115092,0.4032212359676295,Energy,1
solar/10T/short,moiraie_base_8,34.21843404282619,34.21843404282619,2.603141272329066,1.1445120139281,2.504948718109587,1.682715096206851,5.656808126631706,5.849652471970124,1.7016632412134816,0.757253501132552,0.5602693433092651,Energy,1
solar/D/short,moiraie_base_8,123622.2399026764,123622.2399026764,263.83803223844285,1.0285676485474042,1.01640968786829,0.4498811856383535,5.256299428318865,351.59954479873323,0.5079416026289704,0.3811561047565708,0.2810844548719239,Energy,1
solar/H/long,moiraie_base_8,746.6499391727494,746.6499391727494,12.43729843053021,0.9440119689545544,6.1590738271317305,1.406677562902347,4.834981187758672,27.324895959047115,0.9474040555805592,0.4312238550225373,0.3251730466135782,Energy,1
solar/H/medium,moiraie_base_8,725.0187347931874,725.0187347931874,11.796316327839872,0.9004354855763729,4.756833664634089,1.404911904439439,4.535745321421154,26.926171929800702,0.9699435838099164,0.424930857776972,0.3220567083715744,Energy,1
solar/H/short,moiraie_base_8,783.0546074641439,783.0546074641439,12.620980027177175,0.9738575622951718,3.8332684754461193,1.4370403722117508,4.849257442311064,27.983112898034484,1.0314668625352306,0.4652135278225831,0.3529786032935731,Energy,1
solar/W/short,moiraie_base_8,1245931.193430657,1245931.193430657,873.7301016480383,0.950967009497923,0.1881654253841316,0.1723889068965494,7.451242293544786,1116.2128799788404,0.2278469555029491,0.1783501580769804,0.1355578723437818,Energy,1
sz_taxi/15T/long,moiraie_base_8,18.66357449697293,18.66357449697293,3.010875004173344,0.5685897120417146,7718379271187.779,0.4308159287498887,4.496694343800584,4.32013593501095,0.3998640660177146,0.2786812127097582,0.2223126461005266,Transport,1
sz_taxi/15T/medium,moiraie_base_8,17.893929036458335,17.893929036458335,2.929943430321848,0.5731503362001004,11372153836297.854,0.424890873574803,4.30237224917975,4.2301216337663785,0.3936834098214161,0.2726801307616172,0.2158668453554298,Transport,1
sz_taxi/15T/short,moiraie_base_8,17.655703888125764,17.655703888125764,2.8429144928015777,0.5690781352454479,989174003161.394,0.4083898705003899,4.097369769992932,4.2018690945965655,0.3928927446835666,0.265824672980381,0.2089918921366364,Transport,1
sz_taxi/H/short,moiraie_base_8,7.633637517945379,7.633637517945379,1.9217057839418068,0.5864651482019382,1.0317457965296557,0.3033667670355903,4.222094899523043,2.762903819886856,0.2573815466458215,0.1790187567547748,0.1411445030886312,Transport,1
temperature_rain/D/short,moiraie_base_8,191.32145056675068,191.32145056675068,5.904566700045281,1.3720931599016897,16.5926111225505,1.5488849799917837,20.762555327989293,13.83189974539834,1.628380306516715,0.6951236135200333,0.5594533005708002,Nature,1
us_births/D/short,moiraie_base_8,569325.8666666667,569325.8666666667,600.4430208333333,0.88415455306212,0.0592028427124023,0.0579204559326171,7.198497134818957,754.5368557377875,0.070731707511986,0.0562866608890417,0.0444139622842011,Healthcare,1
us_births/M/short,moiraie_base_8,82570026.66666667,82570026.66666667,7996.677083333333,0.9044175595159906,0.0252282222112019,0.0251096660892168,7.443695087555721,9086.80508576401,0.0282235546433286,0.0248376245001777,0.0187220963899544,Healthcare,1
us_births/W/short,moiraie_base_8,5095679.428571428,5095679.428571428,1656.523716517857,1.505060227234566,0.0220723237310137,0.0223392375877925,11.714903478934426,2257.361164849663,0.0306434564685816,0.0224871470222482,0.0180922735274059,Healthcare,1
bitbrains_fast_storage/5T/long,moiraie_base_9,6252338.581809479,6252338.581809479,439.3311544764045,1.0050135315355846,7.409098506311683,0.8353629998985505,18.06409120675615,2500.46767261836,6.607989420256536,1.1610210572045505,0.7681921718427502,Web/CloudOps,2
bitbrains_fast_storage/5T/medium,moiraie_base_9,5092513.923682621,5092513.923682621,365.9957119032216,1.0768729299566826,7.21443064597338,0.820094237098823,23.06146105154953,2256.6599043016254,6.856355854027058,1.1119960243336016,0.7339944159418983,Web/CloudOps,2
bitbrains_fast_storage/5T/short,moiraie_base_9,2332237.9543046216,2332237.9543046216,185.71694614858148,0.7640779026063422,2.613254554075441,0.7772450343455378,15.024548389554354,1527.166642611284,4.79492556735508,0.583105280414118,0.4410367612930608,Web/CloudOps,2
bitbrains_fast_storage/H/short,moiraie_base_9,2335897.7403285094,2335897.7403285094,272.5578057658364,1.034012714467121,3.044061193538826,0.5868451399295269,21.079074409833385,1528.3644003733236,4.356334950770931,0.7768782726639805,0.6036223849343983,Web/CloudOps,2
bitbrains_rnd/5T/long,moiraie_base_9,2481371.4848393328,2481371.4848393328,169.47391206328675,3.5177859368291045,0.7639183204423021,0.7178707309204172,121.22304473149042,1575.23696148844,6.034378051326691,0.6492163910760751,0.6338004127711078,Web/CloudOps,2
bitbrains_rnd/5T/medium,moiraie_base_9,2283105.427008262,2283105.427008262,149.03963111933854,4.560087616208469,0.5704221371209957,0.734573907086244,165.44332836385016,1510.9948467841516,6.357525629709468,0.6270857089289564,0.6266161357287732,Web/CloudOps,2
bitbrains_rnd/5T/short,moiraie_base_9,1889734.017328396,1889734.017328396,131.16777595818542,1.8066683003392208,0.9684165341943484,0.7015672953879282,55.713840196995896,1374.6759681206315,5.624777231055542,0.5367006747535232,0.4262518550148616,Web/CloudOps,2
bitbrains_rnd/H/short,moiraie_base_9,1760188.2137163803,1760188.2137163803,145.25550381484166,5.945959296021801,1.2106725065229165,0.5707852681586263,206.12604310527036,1326.720849959169,5.80637970596442,0.6357091693826101,0.5904261976046138,Web/CloudOps,2
bizitobs_application/10S/long,moiraie_base_9,16352907.946666667,16352907.946666667,2293.336388888889,9.183608722178096,0.1266003333197699,0.1216184658474392,128.82733740627663,4043.872889528882,0.1559560135272395,0.0884448177919197,0.078760855559981,Web/CloudOps,2
bizitobs_application/10S/medium,moiraie_base_9,18434955.946666665,18434955.946666665,2001.1835416666668,7.75903659894267,0.1072436777750651,0.1046950848897298,70.90002140400449,4293.594758086359,0.1685968293456207,0.0785805878461652,0.0683709879205093,Web/CloudOps,2
bizitobs_application/10S/short,moiraie_base_9,4227893.76,4227893.76,781.583125,2.4068072209482327,0.0353573311699761,0.0354355663723415,23.33189962096225,2056.184271897828,0.0792988085636771,0.0301425370542155,0.0239307488584927,Web/CloudOps,2
bizitobs_l2c/5T/long,moiraie_base_9,464.2974603174603,464.2974603174603,15.30009300595238,1.488143288452009,1.0516734388366125,1.108040519593254,13.804025725850558,21.547562746572066,1.2098634345558477,0.8590773486040928,0.6973084191025433,Web/CloudOps,7
bizitobs_l2c/5T/medium,moiraie_base_9,265.0983418367347,265.0983418367347,11.029283588435376,1.072912716376345,0.6168710292680278,0.884765625,9.34863408435302,16.28184086142395,0.8566642641499627,0.5803025093909392,0.4560568028248146,Web/CloudOps,7
bizitobs_l2c/5T/short,moiraie_base_9,24.36105201357887,24.36105201357887,3.0106622605096724,0.3058986489537332,0.1621186744314493,0.2227010284151349,2.879198110660159,4.935691644904376,0.1695116292580873,0.1033983282670645,0.082178722643076,Web/CloudOps,7
bizitobs_l2c/H/long,moiraie_base_9,183.8470734126984,183.8470734126984,8.474510168650793,0.8768435893330941,0.6545219718945008,1.0418004596044146,6.011192560611493,13.559021845719492,0.8282241880834932,0.5176475400437461,0.3997533788826599,Web/CloudOps,7
bizitobs_l2c/H/medium,moiraie_base_9,141.39042038690476,141.39042038690476,7.386375209263392,0.7590448539845295,0.6136980447022745,0.973557608468192,5.26172100789381,11.890770386602576,0.7200042079518408,0.447256238180571,0.3504299428435334,Web/CloudOps,7
bizitobs_l2c/H/short,moiraie_base_9,179.32469928075398,179.32469928075398,8.073760986328125,0.7788270113772182,0.5544048647800509,0.90919676281157,4.760305877687674,13.391217244177394,0.721820904961244,0.4351963944223315,0.3386871804400289,Web/CloudOps,7
bizitobs_service/10S/long,moiraie_base_9,188177.771005291,188177.771005291,124.95224867724868,4.245881287839655,0.9140466889880952,0.1764722325562169,47.877135208420064,433.79461846050026,0.3213689214209116,0.0925686204430896,0.0822439180509876,Web/CloudOps,2
bizitobs_service/10S/medium,moiraie_base_9,117138.7326984127,117138.7326984127,102.8463888888889,4.252888615200916,0.8686118086557539,0.1625566948784722,31.008506160817326,342.2553618256589,0.2575894505951491,0.0774046158642176,0.0667020539091735,Web/CloudOps,2
bizitobs_service/10S/short,moiraie_base_9,15475.187513227513,15475.187513227513,36.94880042989418,1.479023363510086,0.1691669435854311,0.0861667483698123,16.472120982063654,124.39930672325916,0.0921589860757628,0.0273728533866345,0.0231593056431775,Web/CloudOps,2
car_parts/M/short,moiraie_base_9,1.983390443334862,1.983390443334862,0.5113831078276083,0.9059684047568228,0.8114725609864084,1.8835279257693136,15.1069829458619,1.4083289542343655,3.377028365250739,1.2262442346665845,1.0350064109759771,Sales,1
covid_deaths/D/short,moiraie_base_9,687792.7032581454,687792.7032581454,152.22508908991227,37.16948971951917,0.1008493832552843,0.3782815603385294,799.3051656335217,829.3326855117585,0.312040444208164,0.0572754278820355,0.0478343005922747,Healthcare,1
electricity/15T/long,moiraie_base_9,359518.7382035473,359518.7382035473,64.30289675417605,0.966150167300346,0.1628150456265286,0.1520778221153282,7.717842445163129,599.5988143780366,0.9459406559731056,0.1014457048246696,0.080636880299293,Energy,1
electricity/15T/medium,moiraie_base_9,269467.61876618804,269467.61876618804,58.21618653223536,0.9213535584416012,0.1536568316596155,0.1493328371477556,7.684627743714104,519.1027054121256,0.8944662121558332,0.1003123491955309,0.0805274514426376,Energy,1
electricity/15T/short,moiraie_base_9,168292.95631844737,168292.95631844737,60.8188426854589,1.1381279417175434,0.1865923943319349,0.186783024985511,12.091263132931616,410.2352450953567,0.808654552718367,0.1198859303696018,0.0993466093267586,Energy,1
electricity/D/short,moiraie_base_9,1664823826.432,1664823826.432,4753.984441441441,1.5749242107063552,0.4981030412525361,0.1070797501297684,12.337797155718492,40802.25271271183,0.670516518324106,0.0781237525850916,0.0613471078646073,Energy,1
electricity/H/long,moiraie_base_9,10039462.040432433,10039462.040432433,297.44304542042045,1.2873305731344926,0.3063288205245188,0.1531013366882507,10.87309919758346,3168.5110131467795,1.2496598264038277,0.1173114510136908,0.0938330328084983,Energy,1
electricity/H/medium,moiraie_base_9,6703748.603141892,6703748.603141892,264.1496086711712,1.1891932584580278,0.2728950960069419,0.1418081641841579,9.818505625460515,2589.15982572376,1.0106343999745335,0.1031062967263029,0.0820502701933482,Energy,1
electricity/H/short,moiraie_base_9,1974434.6572635132,1974434.6572635132,201.8295700925535,1.0794037031345578,0.2660240544217574,0.1422002036292273,10.795520072613543,1405.1457779403222,0.6633291533270136,0.0952779704053842,0.0772933659074599,Energy,1
electricity/W/short,moiraie_base_9,112854236905.3982,112854236905.3982,39967.59712837838,1.847461166877128,0.2562647478058799,0.1145110680176331,13.49800671392918,335937.84678925085,0.7664993112472139,0.0911928678590565,0.069401706423655,Energy,1
ett1/15T/long,moiraie_base_9,9.456708209325395,9.456708209325395,1.7063299851190477,1.1247929482935823,0.8185663793017753,0.4321604507688492,7.311687768110469,3.0751761265536315,0.5861316102788505,0.3252281822848861,0.2533954052126002,Energy,7
ett1/15T/medium,moiraie_base_9,8.927797619047618,8.927797619047618,1.680773654513889,1.098379933752716,0.7785436837710491,0.4251815166170635,7.130863218562919,2.9879420374310506,0.569504706640024,0.3203571204029093,0.2474534808618041,Energy,7
ett1/15T/short,moiraie_base_9,5.065015556698754,5.065015556698754,1.215765889485677,0.8201064841914066,0.5032836977678654,0.2712720626876467,4.977305685950832,2.250558943173618,0.4254493201284231,0.2298303595584193,0.1771951032488276,Energy,7
ett1/D/short,moiraie_base_9,53564.49523809524,53564.49523809524,152.53597470238094,1.7927542422246523,1.155018058655754,0.492956300765749,10.505252188724764,231.440046746658,0.6078849597248791,0.4006407972257764,0.3038992126752192,Energy,7
ett1/H/long,moiraie_base_9,180.00292658730157,180.00292658730157,8.133784928902116,1.5843184214620338,4153543871908.667,0.5500897119915674,10.147944563185495,13.416516932024557,0.6424879377163965,0.3895093436900276,0.3043540453724694,Energy,7
ett1/H/medium,moiraie_base_9,162.64592633928572,162.64592633928572,7.81266101655506,1.532516890746003,4901325659020.715,0.5302357991536458,10.057201178486416,12.75327120151084,0.6108514590296166,0.3742079428453695,0.2927249350455668,Energy,7
ett1/H/short,moiraie_base_9,113.67335321335564,113.67335321335564,5.573215811593192,0.9631031693584616,0.5396406105586461,0.3032744157881963,6.347897930290515,10.66177064156586,0.4976284617028058,0.2601247864260524,0.2047475247125636,Energy,7
ett1/W/short,moiraie_base_9,1678433.7142857143,1678433.7142857143,986.1650390625,1.7168084706716027,0.700871331351144,0.6078417641775948,8.677772495880856,1295.5437909564132,0.5155277961354958,0.3924186065825312,0.2977949433150397,Energy,7
ett2/15T/long,moiraie_base_9,17.969574652777776,17.969574652777776,2.6768167162698413,1.1025346019244473,0.1656445749423104,0.198912372891865,7.962515999965694,4.239053509072252,0.2259068347417838,0.1426524081996693,0.112358162925703,Energy,7
ett2/15T/medium,moiraie_base_9,15.299991319444445,15.299991319444445,2.425148499503968,1.0141517613371285,0.1527603817653016,0.1844280133928571,7.370133624439593,3.911520333507733,0.2084519989379066,0.1292405533757064,0.1020567367767651,Energy,7
ett2/15T/short,moiraie_base_9,8.782176862444196,8.782176862444196,1.965028508504232,0.8651291392137113,0.1232277475594036,0.146015673591977,6.036857140915286,2.9634737829858047,0.1406866467879456,0.0932868963752539,0.0735868932085395,Energy,7
ett2/D/short,moiraie_base_9,124809.29523809523,124809.29523809523,203.02839781746036,1.3105592705922675,0.461729503813244,0.1346361069452195,12.192274810810812,353.2835903889328,0.2021935198527101,0.1161985087945216,0.0971474277552564,Energy,7
ett2/H/long,moiraie_base_9,500.8311507936508,500.8311507936508,15.05512359457672,1.6321919108991163,0.2765940491754661,0.3079221695188492,11.112999393579807,22.379257154643245,0.3064667023844611,0.206168330348853,0.1632071255668597,Energy,7
ett2/H/medium,moiraie_base_9,410.1781994047619,410.1781994047619,13.198082914806548,1.4354170115303515,0.2417723527402726,0.2613484882173084,9.909586932631584,20.25285657394437,0.2729202664585953,0.1778526546465401,0.1413406014618345,Energy,7
ett2/H/short,moiraie_base_9,139.49102492559524,139.49102492559524,7.740127127511161,0.863480395126573,0.1358450325115691,0.1282207278978256,5.646749683149612,11.81063185970993,0.1497916650882208,0.098166342342744,0.0769054445541175,Energy,7
ett2/W/short,moiraie_base_9,3414335.1428571427,3414335.1428571427,1348.333705357143,0.986290900895856,0.1655256067003522,0.1889913763318743,8.685365957567068,1847.791964171601,0.1550014174166437,0.1131045266639029,0.093770946011626,Energy,7
hierarchical_sales/D/short,moiraie_base_9,29.17075479924556,29.17075479924556,2.293068889036017,0.7425114630976899,0.6057300204594857,1.059637004573171,7.153661143191188,5.40099572294272,1.656965675379325,0.7034881409501864,0.5697944670919468,Sales,1
hierarchical_sales/W/short,moiraie_base_9,482.7346025887183,482.7346025887183,9.231300871250992,0.749629851225733,0.5655328181569979,0.4705409842022395,6.688796003661919,21.9712221459963,1.008709555646796,0.4238135383642412,0.356068817325783,Sales,1
hospital/M/short,moiraie_base_9,3291.7363646240765,3291.7363646240765,19.72414337516297,0.8132524548223566,0.2000000152521577,0.1859190011221344,5.5202382807305685,57.3736556672492,0.2082796930479166,0.0716032206774145,0.0573155716275147,Healthcare,1
jena_weather/10T/long,moiraie_base_9,1698.4042328042328,1698.4042328042328,10.778928468088624,0.7521956616411392,1.1200912349652632,0.6772023195942873,7.6562069524379215,41.21170019307906,0.2521814569227973,0.065958110740738,0.0540612083051618,Nature,21
jena_weather/10T/medium,moiraie_base_9,1628.7090954184705,1628.7090954184705,10.382722312409811,0.7276615949028731,1.103499830716566,0.676936443818768,7.276488479711452,40.357268185773805,0.2476718649353784,0.063718589335221,0.0522499437060008,Nature,21
jena_weather/10T/short,moiraie_base_9,933.05984957256,933.05984957256,6.577160571870349,0.3146089178017922,0.4473798335128715,0.5767940918604533,2.323066980971087,30.546028376411886,0.1897291202083061,0.0408524104473546,0.0327258001571921,Nature,21
jena_weather/D/short,moiraie_base_9,324.75925099206347,324.75925099206347,9.009492807539685,1.0822458529206265,0.6186921560219701,0.4513119652157738,6.827620568206402,18.021077964208008,0.1085163434307271,0.0542518720345933,0.042187540373221,Nature,21
jena_weather/H/long,moiraie_base_9,2502.347619047619,2502.347619047619,14.09594494047619,0.9699130495654824,3.6667764151893634,0.6730614717675265,8.796332882475758,50.02347068174717,0.3011967157914674,0.0848732058009313,0.068262444712895,Nature,21
jena_weather/H/medium,moiraie_base_9,1810.7375,1810.7375,12.27265082465278,0.8786453945244596,4.013476951639196,0.6873187837146577,6.481939710512333,42.552761367507046,0.2603878936716876,0.0750985269886529,0.0602313922051517,Nature,21
jena_weather/H/short,moiraie_base_9,1154.9950351954103,1154.9950351954103,9.166578657744624,0.5747408915060286,2.329568526267036,0.6227822944633943,4.872102670823707,33.98521789242214,0.2083272228252971,0.056190543801203,0.0450739387838723,Nature,21
kdd_cup_2018/D/short,moiraie_base_9,2887.6472790536272,2887.6472790536272,20.92009749261296,1.1796131201198752,0.5268401216894668,0.4572016281431299,9.095980653029558,53.7368335413767,1.203762163783609,0.4686324102978891,0.3707781509457529,Nature,1
kdd_cup_2018/H/long,moiraie_base_9,4089.445872709909,4089.445872709909,24.450732287132137,1.0418723103413166,1.0632144309091975,0.624928207228049,8.361069049272428,63.94877538084611,1.5004966484513371,0.5737129699595703,0.4579357110871834,Nature,1
kdd_cup_2018/H/medium,moiraie_base_9,5348.483411074495,5348.483411074495,25.772055238094197,1.0663884783427615,0.955299433793728,0.5792181279632876,9.480680114488434,73.13332626836069,1.5308129210884676,0.539455774467465,0.4381460598076223,Nature,1
kdd_cup_2018/H/short,moiraie_base_9,4956.287479623113,4956.287479623113,23.845323505198987,0.9735976455130464,0.8945098958518339,0.5264148077667017,8.434764009378023,70.40090538922857,1.4736184507187045,0.4991258064984195,0.4045129568847657,Nature,1
loop_seattle/5T/long,moiraie_base_9,90.63810131435616,90.63810131435616,5.3077641253869965,0.839359761130778,0.1561804612138623,0.1209077599709931,6.729680912342384,9.520404472203698,0.1683227074837185,0.0938423604667807,0.0747783047787601,Transport,1
loop_seattle/5T/medium,moiraie_base_9,74.60287757393253,74.60287757393253,4.8765079878579725,0.7745247143627871,0.1495343093557131,0.1116917526512815,6.069380463256007,8.637295732689285,0.1536752386698371,0.086763097166306,0.0689467567051251,Transport,1
loop_seattle/5T/short,moiraie_base_9,44.032152022764286,44.032152022764286,3.547834552650728,0.5633886071358355,0.0922054224339063,0.0762742744264711,4.299193873968195,6.635672688037309,0.1137871355494601,0.0608375292345728,0.048006640819118,Transport,1
loop_seattle/D/short,moiraie_base_9,18.22628730325138,18.22628730325138,2.9112018337190704,0.8822721499710908,0.0538852162897525,0.0537043026111197,7.699953070547083,4.269225609317383,0.0762967637604801,0.0520270650680967,0.0427674948999424,Transport,1
loop_seattle/H/long,moiraie_base_9,63.74410283233359,63.74410283233359,4.704493820983026,0.9833401766142328,0.1393235449041334,0.1069807835366662,8.36370446628206,7.983990407830761,0.1426845763870828,0.0840755904847075,0.0684814700249275,Transport,1
loop_seattle/H/medium,moiraie_base_9,73.67803924843992,73.67803924843992,5.113245279255051,1.0480819869847853,0.1299515069699754,0.114184563718467,8.76259323428676,8.583591279204756,0.1517140151953312,0.0903760380429283,0.0736131541384136,Transport,1
loop_seattle/H/short,moiraie_base_9,72.22230037568828,72.22230037568828,4.8829802961237085,0.9932015417610632,0.1340888843719746,0.110571796518141,8.482506809319334,8.498370454133443,0.1504297991452502,0.0864337168096543,0.0702939348649231,Transport,1
m4_daily/D/short,moiraie_base_9,348797.3087887391,348797.3087887391,182.29584129065597,3.416023111256105,0.0398953367759797,0.0325118765205234,29.247836349023466,590.5906440071152,0.0912299319159351,0.0281596692366571,0.0226783476760725,Econ/Fin,1
m4_hourly/H/short,moiraie_base_9,508836.6063556763,508836.6063556763,182.42954203779183,1.8908250102164863,0.1069863683359634,0.1012197562077963,12.356553022241991,713.3278393247219,0.0973850080514878,0.0249056625029493,0.0223045278720591,Econ/Fin,1
m4_monthly/M/short,moiraie_base_9,1995008.240627315,1995008.240627315,592.6072019856771,1.0330090832067074,0.1666830834194466,0.1390080596870846,8.68665463711022,1412.4476063299887,0.2935551004144116,0.1231641201454704,0.0985657036288673,Econ/Fin,1
m4_quarterly/Q/short,moiraie_base_9,1936031.0842760417,1936031.0842760417,598.4150836995443,1.2939213892434238,0.1196736783186594,0.1094685882528622,10.265798033426584,1391.4133405555813,0.2328980907594318,0.1001641470676284,0.0800350438860612,Econ/Fin,1
m4_weekly/W/short,moiraie_base_9,438870.4898221556,438870.4898221556,337.31424094707523,2.8516477245328926,0.0795205122197954,0.0827774855419785,22.31561268732697,662.4730106367772,0.1206923041905433,0.0614534212300279,0.04798182729075,Econ/Fin,1
m4_yearly/A/short,moiraie_base_9,4155640.62366153,4155640.62366153,984.922289191042,3.68739985172543,0.1749215770427094,0.1665381374875528,36.00951096795847,2038.5388452667587,0.3268891520260005,0.1579368539739727,0.1292303561509368,Econ/Fin,1
m_dense/D/short,moiraie_base_9,14302.592592592591,14302.592592592591,63.389270833333335,0.8297526249686521,0.137735399340947,0.1231897198712384,6.406350858222981,119.59344711393092,0.2070339471423563,0.1097362043139244,0.0861590753079936,Transport,1
m_dense/H/long,moiraie_base_9,39630.30913580247,39630.30913580247,92.59302469135802,0.782071736977272,0.2973892380569058,0.2153037139515818,7.173895706070065,199.07362742413287,0.3446258775045089,0.1602922134787383,0.1296909757850725,Transport,1
m_dense/H/medium,moiraie_base_9,39507.0,39507.0,91.34434027777776,0.7762156497349341,0.2909237596683158,0.213174082438151,7.214921676707688,198.7636787745689,0.3458236899450637,0.1589276119521104,0.1287211141956601,Transport,1
m_dense/H/short,moiraie_base_9,46631.80583333333,46631.80583333333,95.77477864583334,0.8338562081074137,0.3135879545329497,0.2255496809217665,8.317721842222898,215.94398772212517,0.3830308539141767,0.1698806048509224,0.1393332800478569,Transport,1
restaurant/D/short,moiraie_base_9,155.41500996719435,155.41500996719435,7.656450041627265,0.7357471079976637,0.6526574366141893,0.4202470509536328,5.0849929252395,12.46655565772657,0.5737397760878167,0.3523675707321925,0.2756750261758401,Sales,1
saugeen/D/short,moiraie_base_9,1316.49125,1316.49125,14.780071614583331,3.2829485283488573,0.3815141042073567,0.4033414204915365,32.18778094614645,36.28348453497817,1.1752307091875664,0.4787300411763012,0.3886292970079814,Nature,1
saugeen/M/short,moiraie_base_9,399.8241722470238,399.8241722470238,12.379730224609377,0.7252601059248152,0.4148289362589518,0.3751755669003441,5.333339210922431,19.99560382301629,0.6003280130165877,0.3716766401856053,0.2937757775220771,Nature,1
saugeen/W/short,moiraie_base_9,1488.2853515625,1488.2853515625,17.809127807617188,1.4450759539653553,0.4042762756347656,0.4519104957580566,15.52179201656794,38.57830156399449,1.1645181115440275,0.5375833316137628,0.450678576614848,Nature,1
solar/10T/long,moiraie_base_9,31.984697352747364,31.984697352747364,2.434204457972172,1.0438537833379016,3.1252082166104973,1.5260793999384124,7.02768737140248,5.655501512045361,1.2223461658895585,0.5261143472168326,0.4142929063217993,Energy,1
solar/10T/medium,moiraie_base_9,28.648303317158813,28.648303317158813,2.3004764333284946,0.9955554712282336,3.278188624967409,1.5167727363449734,7.073328286269345,5.35241098171271,1.1877212929217045,0.5104848736511856,0.4022948443797497,Energy,1
solar/10T/short,moiraie_base_9,35.68602428575502,35.68602428575502,2.8537671611256843,1.2651095692758216,5.6106882479428,1.5988096325356884,6.960811981567223,5.973778057959219,1.7377713601117977,0.8301605437825622,0.6268524893168224,Energy,1
solar/D/short,moiraie_base_9,123913.51532846715,123913.51532846715,262.73870513990266,1.0238445256166218,1.0332854704845271,0.4473949423091545,5.3226366095818864,352.01351583208725,0.508539649791529,0.3795679514824658,0.2853124611995162,Energy,1
solar/H/long,moiraie_base_9,802.6186156731549,802.6186156731549,11.79991968902068,0.893482520391061,6.529099764006839,1.3993041893184814,5.006033117624277,28.330524451078468,0.9822710323180288,0.4091247697944734,0.3202380064035181,Energy,1
solar/H/medium,moiraie_base_9,788.5988062652068,788.5988062652068,11.2125951613823,0.8535684974169198,4.947588665232366,1.397260835745039,4.711170055744579,28.08200146473194,1.0115792624465731,0.4039038584093811,0.3204269431286971,Energy,1
solar/H/short,moiraie_base_9,729.0657594602382,729.0657594602382,11.254756896714728,0.8654193842500092,4.4877779308750565,1.4058482614273695,4.759887772342102,27.001217740321238,0.9952738799547916,0.4148540881478018,0.3256978183949958,Energy,1
solar/W/short,moiraie_base_9,1251691.700729927,1251691.700729927,909.396184990876,1.0002348577981053,0.2003067018341844,0.1810879820454729,7.059412734738812,1118.790284517133,0.2283730682075082,0.1856304973833447,0.1367713918767564,Energy,1
sz_taxi/15T/long,moiraie_base_9,17.29445167824074,17.29445167824074,2.8657983676660432,0.5443892632229627,7490850013679.247,0.4154149242955395,4.26230379241939,4.158659841612528,0.3849181272226694,0.2652531783537429,0.211309757445833,Transport,1
sz_taxi/15T/medium,moiraie_base_9,17.74317136585203,17.74317136585203,2.892019731570513,0.5660847266975987,12003570927949.24,0.4166255331446982,4.151283647192775,4.212264398853903,0.3920214961132597,0.2691506977263376,0.2126952960034794,Transport,1
sz_taxi/15T/short,moiraie_base_9,17.55075919089591,17.55075919089591,2.835952497955061,0.5671660029505208,1187744543097.1516,0.4059593424255595,4.043344656989689,4.189362623466237,0.3917233361041753,0.265173696664332,0.2084291537003801,Transport,1
sz_taxi/H/short,moiraie_base_9,7.739071577023237,7.739071577023237,1.9222330924792168,0.5872450922464547,0.9281282098884256,0.3044005296169183,4.476660613898544,2.7819186862709047,0.2591528988311432,0.1790678788001899,0.1421092303080149,Transport,1
temperature_rain/D/short,moiraie_base_9,184.5211501276769,184.5211501276769,5.847817913062329,1.3487530962491865,20.65681388918215,1.5269797113245211,20.16249762046514,13.583856231853932,1.599179026862465,0.6884427808909149,0.5538697687630643,Nature,1
us_births/D/short,moiraie_base_9,345267.38666666666,345267.38666666666,435.9694791666666,0.6418543011496622,0.0414680417378743,0.0412164052327473,5.253659293965503,587.5945767845944,0.0550822235185824,0.0408686009836023,0.0330473787331154,Healthcare,1
us_births/M/short,moiraie_base_9,116169194.66666669,116169194.66666669,9122.049479166666,1.0328804218578738,0.0283710037668546,0.0284824619690577,7.044932761151845,10778.181417412989,0.0334769579977721,0.028333023488944,0.0212202049155994,Healthcare,1
us_births/W/short,moiraie_base_9,4434932.571428572,4434932.571428572,1568.064453125,1.4258202117465095,0.0211390171732221,0.0212670905249459,10.78162442379835,2105.9279596958136,0.0285877655573141,0.0212863211955125,0.0172007281329776,Healthcare,1
